Transaction_id,customer_id,Card_Type,Card_Limit,card_id,purchase_date,purchase_amount,merchant_category,Payment_status,Applied_but_rejected,Rejection_reason
47,1,,,,,,,,Y,HighDebt
1542,1,,,,,,,,Y,LowCIBIL
1872,1,,,,,,,,Y,HighDebt
904,2,Gold,100000,2,09-03-202300:00:00,14533,Fuel,Paid,N,
235,3,,,,,,,,Y,UnstableEmployment
1245,3,,,,,,,,Y,HighDebt
43,4,Platinum,300000,3,02-04-202300:00:00,29613,Fuel,Paid,N,
1755,4,Platinum,300000,3,12-09-202300:00:00,28126,Electronics,Default,N,
1956,4,Platinum,300000,3,26-07-202300:00:00,35340,Groceries,Paid,N,
1819,5,,,,,,,,Y,HighDebt
783,6,,,,,,,,Y,HighDebt
1294,6,,,,,,,,Y,HighDebt
1137,8,Signature,600000,4,01-11-202300:00:00,24751,Fuel,Paid,N,
1890,8,Signature,600000,4,02-05-202300:00:00,42549,Fuel,Paid,N,
1990,8,Platinum,300000,3,28-12-202300:00:00,28674,Fuel,Paid,N,
99,9,,,,,,,,Y,HighDebt
109,10,Platinum,300000,3,20-12-202300:00:00,3285,Travel,Paid,N,
653,10,Signature,600000,4,24-02-202300:00:00,48834,Dining,Paid,N,
1583,10,Platinum,300000,3,20-12-202300:00:00,49140,Electronics,Paid,N,
1228,12,,,,,,,,Y,LowCIBIL
1334,12,,,,,,,,Y,LowCIBIL
1789,12,,,,,,,,Y,LowCIBIL
192,13,,,,,,,,Y,UnstableEmployment
997,13,,,,,,,,Y,LowSalary
1285,14,,,,,,,,Y,HighDebt
1614,14,,,,,,,,Y,LowCIBIL
660,15,Platinum,300000,3,18-10-202300:00:00,15596,Travel,Paid,N,
933,15,Platinum,300000,3,31-01-202300:00:00,29983,Electronics,Paid,N,
1674,15,Platinum,300000,3,26-02-202300:00:00,23498,Dining,Paid,N,
1910,15,Gold,100000,2,30-10-202300:00:00,42584,Travel,Paid,N,
1977,15,Gold,100000,2,07-06-202300:00:00,46814,Groceries,Paid,N,
752,17,Gold,100000,2,30-07-202300:00:00,1632,Groceries,Paid,N,
894,17,Gold,100000,2,22-03-202300:00:00,21041,Electronics,Paid,N,
2036,17,Platinum,300000,3,24-03-202300:00:00,39529,Electronics,Paid,N,
753,18,,,,,,,,Y,HighDebt
2146,18,,,,,,,,Y,UnstableEmployment
1695,19,,,,,,,,Y,HighDebt
177,20,,,,,,,,Y,LowSalary
493,20,,,,,,,,Y,HighDebt
1182,20,,,,,,,,Y,LowCIBIL
1560,20,,,,,,,,Y,LowCIBIL
1600,20,,,,,,,,Y,HighDebt
1687,20,,,,,,,,Y,HighDebt
1952,20,,,,,,,,Y,UnstableEmployment
357,22,Silver,50000,1,05-05-202300:00:00,20450,Travel,Paid,N,
1591,22,Gold,100000,2,10-03-202300:00:00,12671,Dining,Paid,N,
320,23,Signature,600000,4,17-10-202300:00:00,17958,Groceries,Paid,N,
1640,23,Signature,600000,4,19-09-202300:00:00,48788,Fuel,Paid,N,
592,24,,,,,,,,Y,LowSalary
833,24,,,,,,,,Y,HighDebt
1676,24,,,,,,,,Y,HighDebt
1823,24,,,,,,,,Y,HighDebt
1317,25,,,,,,,,Y,UnstableEmployment
2,26,,,,,,,,Y,HighDebt
1309,26,,,,,,,,Y,HighDebt
247,27,Gold,100000,2,12-12-202300:00:00,19110,Fuel,Paid,N,
557,27,Platinum,300000,3,08-07-202300:00:00,11276,Electronics,Paid,N,
1715,27,Platinum,300000,3,10-11-202300:00:00,14586,Travel,Paid,N,
125,29,Gold,100000,2,14-05-202300:00:00,15049,Travel,Paid,N,
396,30,,,,,,,,Y,LowCIBIL
1531,30,,,,,,,,Y,LowSalary
2122,30,,,,,,,,Y,LowSalary
2163,30,,,,,,,,Y,LowSalary
2259,30,,,,,,,,Y,HighDebt
1844,31,,,,,,,,Y,LowSalary
2193,31,,,,,,,,Y,LowSalary
534,32,,,,,,,,Y,LowCIBIL
994,32,,,,,,,,Y,UnstableEmployment
5,33,Gold,100000,2,30-04-202300:00:00,34432,Fuel,Default,N,
621,33,Gold,100000,2,14-08-202300:00:00,4641,Dining,Paid,N,
691,33,Platinum,300000,3,11-03-202300:00:00,20671,Electronics,Paid,N,
861,34,Signature,600000,4,28-05-202300:00:00,31916,Travel,Paid,N,
1721,34,Signature,600000,4,08-01-202300:00:00,25603,Dining,Paid,N,
1446,35,Gold,100000,2,12-12-202300:00:00,21358,Groceries,Paid,N,
1892,35,Gold,100000,2,27-12-202300:00:00,28751,Dining,Paid,N,
1936,35,Gold,100000,2,30-01-202300:00:00,19549,Fuel,Paid,N,
1770,37,,,,,,,,Y,LowSalary
2208,37,,,,,,,,Y,LowSalary
1364,38,,,,,,,,Y,HighDebt
1763,38,,,,,,,,Y,LowCIBIL
1034,39,,,,,,,,Y,LowSalary
1319,39,,,,,,,,Y,LowSalary
1954,39,,,,,,,,Y,UnstableEmployment
1416,40,Gold,100000,2,04-12-202300:00:00,2406,Travel,Default,N,
449,41,,,,,,,,Y,LowCIBIL
1296,41,,,,,,,,Y,LowCIBIL
1592,41,,,,,,,,Y,UnstableEmployment
1693,41,,,,,,,,Y,LowCIBIL
517,43,,,,,,,,Y,HighDebt
1005,44,,,,,,,,Y,UnstableEmployment
2113,44,,,,,,,,Y,HighDebt
372,45,Platinum,300000,3,16-01-202300:00:00,14792,Groceries,Paid,N,
954,46,,,,,,,,Y,LowSalary
1080,46,,,,,,,,Y,HighDebt
1820,46,,,,,,,,Y,LowSalary
17,47,,,,,,,,Y,LowCIBIL
345,47,,,,,,,,Y,LowSalary
688,47,,,,,,,,Y,UnstableEmployment
1247,47,,,,,,,,Y,LowCIBIL
1787,47,,,,,,,,Y,HighDebt
1222,48,Gold,100000,2,10-06-202300:00:00,6044,Groceries,Paid,N,
1254,48,Gold,100000,2,19-08-202300:00:00,30299,Electronics,Paid,N,
2239,49,Platinum,300000,3,25-07-202300:00:00,32891,Travel,Paid,N,
1057,50,,,,,,,,Y,UnstableEmployment
2133,50,,,,,,,,Y,HighDebt
1106,51,,,,,,,,Y,UnstableEmployment
1561,51,,,,,,,,Y,LowSalary
1760,51,,,,,,,,Y,LowCIBIL
74,52,Gold,100000,2,02-05-202300:00:00,25592,Travel,Paid,N,
586,52,Platinum,300000,3,12-11-202300:00:00,26101,Electronics,Paid,N,
595,52,Platinum,300000,3,01-12-202300:00:00,34072,Electronics,Paid,N,
1006,52,Gold,100000,2,10-08-202300:00:00,29301,Electronics,Paid,N,
900,54,,,,,,,,Y,UnstableEmployment
856,55,Platinum,300000,3,06-09-202300:00:00,37463,Travel,Paid,N,
1069,55,Gold,100000,2,08-04-202300:00:00,35300,Electronics,Paid,N,
1651,56,Signature,600000,4,13-06-202300:00:00,8669,Fuel,Paid,N,
1919,56,Signature,600000,4,01-03-202300:00:00,11202,Groceries,Paid,N,
416,57,Gold,100000,2,19-04-202300:00:00,8899,Travel,Paid,N,
1959,57,Gold,100000,2,24-06-202300:00:00,28184,Groceries,Paid,N,
2263,57,Gold,100000,2,02-06-202300:00:00,26381,Groceries,Paid,N,
761,58,Platinum,300000,3,12-02-202300:00:00,8133,Electronics,Paid,N,
1035,58,Platinum,300000,3,11-01-202300:00:00,40597,Fuel,Paid,N,
1403,58,Platinum,300000,3,03-04-202300:00:00,2524,Fuel,Paid,N,
1571,58,Signature,600000,4,06-02-202300:00:00,10725,Fuel,Paid,N,
2214,58,Signature,600000,4,30-10-202300:00:00,8137,Electronics,Paid,N,
2223,58,Platinum,300000,3,28-11-202300:00:00,27239,Dining,Paid,N,
84,59,,,,,,,,Y,LowSalary
441,59,,,,,,,,Y,HighDebt
1143,59,,,,,,,,Y,UnstableEmployment
81,60,Platinum,300000,3,30-01-202300:00:00,27005,Groceries,Paid,N,
940,60,Platinum,300000,3,11-08-202300:00:00,47160,Groceries,Paid,N,
1024,60,Signature,600000,4,27-10-202300:00:00,41517,Travel,Paid,N,
2130,60,Platinum,300000,3,21-12-202300:00:00,35125,Travel,Paid,N,
1039,61,Gold,100000,2,27-12-202300:00:00,15121,Travel,Paid,N,
1501,62,,,,,,,,Y,LowCIBIL
1587,62,,,,,,,,Y,HighDebt
354,63,,,,,,,,Y,UnstableEmployment
2216,63,,,,,,,,Y,LowSalary
1082,64,,,,,,,,Y,LowCIBIL
499,65,Platinum,300000,3,13-09-202300:00:00,32336,Fuel,Paid,N,
515,65,Signature,600000,4,14-04-202300:00:00,10964,Groceries,Paid,N,
1980,65,Platinum,300000,3,14-12-202300:00:00,45027,Electronics,Paid,N,
2055,65,Signature,600000,4,06-09-202300:00:00,41534,Fuel,Paid,N,
1002,67,,,,,,,,Y,LowCIBIL
29,68,,,,,,,,Y,LowCIBIL
453,68,,,,,,,,Y,HighDebt
1725,68,,,,,,,,Y,LowCIBIL
1803,68,,,,,,,,Y,LowCIBIL
1851,68,,,,,,,,Y,HighDebt
438,70,Signature,600000,4,05-06-202300:00:00,3323,Dining,Paid,N,
506,70,Platinum,300000,3,29-08-202300:00:00,39843,Groceries,Paid,N,
749,70,Platinum,300000,3,16-09-202300:00:00,45065,Electronics,Default,N,
1709,70,Platinum,300000,3,16-03-202300:00:00,5924,Groceries,Paid,N,
86,71,,,,,,,,Y,LowSalary
359,71,,,,,,,,Y,LowCIBIL
963,71,,,,,,,,Y,UnstableEmployment
400,72,Gold,100000,2,16-01-202300:00:00,26023,Groceries,Paid,N,
1321,73,Gold,100000,2,28-07-202300:00:00,828,Electronics,Paid,N,
422,74,,,,,,,,Y,UnstableEmployment
1883,74,,,,,,,,Y,LowSalary
578,75,,,,,,,,Y,LowSalary
1300,75,,,,,,,,Y,HighDebt
376,76,Gold,100000,2,17-03-202300:00:00,3552,Groceries,Paid,N,
1063,76,Gold,100000,2,13-06-202300:00:00,17694,Dining,Paid,N,
1320,76,Gold,100000,2,09-05-202300:00:00,5210,Fuel,Paid,N,
293,77,Signature,600000,4,16-05-202300:00:00,27246,Dining,Paid,N,
533,77,Signature,600000,4,14-12-202300:00:00,28367,Travel,Paid,N,
980,77,Platinum,300000,3,08-03-202300:00:00,18048,Travel,Paid,N,
984,77,Platinum,300000,3,27-10-202300:00:00,5919,Groceries,Paid,N,
1202,77,Platinum,300000,3,26-11-202300:00:00,43929,Travel,Paid,N,
432,79,Gold,100000,2,10-04-202300:00:00,25070,Dining,Paid,N,
768,79,Platinum,300000,3,04-05-202300:00:00,24863,Fuel,Paid,N,
1620,80,,,,,,,,Y,LowCIBIL
2153,80,,,,,,,,Y,LowSalary
51,81,Gold,100000,2,05-02-202300:00:00,12314,Fuel,Paid,N,
307,81,Platinum,300000,3,04-05-202300:00:00,36212,Electronics,Paid,N,
758,81,Platinum,300000,3,24-08-202300:00:00,27191,Fuel,Paid,N,
1512,81,Platinum,300000,3,26-08-202300:00:00,39631,Travel,Paid,N,
1838,81,Platinum,300000,3,17-02-202300:00:00,37585,Electronics,Paid,N,
528,82,Signature,600000,4,06-06-202300:00:00,18448,Electronics,Paid,N,
1441,82,Platinum,300000,3,25-07-202300:00:00,30004,Fuel,Paid,N,
1717,82,Signature,600000,4,06-11-202300:00:00,36429,Electronics,Paid,N,
693,83,,,,,,,,Y,LowCIBIL
1989,83,,,,,,,,Y,LowSalary
1076,84,Platinum,300000,3,07-06-202300:00:00,42056,Electronics,Paid,N,
779,85,,,,,,,,Y,HighDebt
898,85,,,,,,,,Y,HighDebt
936,85,,,,,,,,Y,LowCIBIL
1906,85,,,,,,,,Y,LowCIBIL
2177,85,,,,,,,,Y,HighDebt
406,87,,,,,,,,Y,LowSalary
227,88,Gold,100000,2,02-08-202300:00:00,36904,Fuel,Paid,N,
778,88,Platinum,300000,3,01-01-202400:00:00,21801,Groceries,Paid,N,
827,88,Gold,100000,2,14-03-202300:00:00,40664,Dining,Paid,N,
1084,88,Platinum,300000,3,31-07-202300:00:00,38945,Fuel,Paid,N,
1405,88,Gold,100000,2,30-08-202300:00:00,14003,Electronics,Paid,N,
917,89,Platinum,300000,3,05-03-202300:00:00,24025,Fuel,Paid,N,
965,89,Signature,600000,4,13-04-202300:00:00,47856,Dining,Default,N,
1808,89,Signature,600000,4,10-07-202300:00:00,24683,Electronics,Paid,N,
2024,89,Signature,600000,4,08-09-202300:00:00,10128,Travel,Paid,N,
4,90,,,,,,,,Y,UnstableEmployment
551,90,,,,,,,,Y,HighDebt
1014,90,,,,,,,,Y,HighDebt
1701,90,,,,,,,,Y,UnstableEmployment
1777,90,,,,,,,,Y,UnstableEmployment
2059,90,,,,,,,,Y,LowSalary
1996,91,Platinum,300000,3,03-01-202300:00:00,35778,Fuel,Paid,N,
2107,91,Gold,100000,2,20-05-202300:00:00,43574,Electronics,Paid,N,
1869,92,,,,,,,,Y,LowSalary
329,93,,,,,,,,Y,HighDebt
1452,93,,,,,,,,Y,HighDebt
253,94,,,,,,,,Y,UnstableEmployment
386,94,,,,,,,,Y,LowSalary
483,94,,,,,,,,Y,LowCIBIL
683,94,,,,,,,,Y,UnstableEmployment
1745,94,,,,,,,,Y,LowSalary
12,95,Platinum,300000,3,26-06-202300:00:00,33622,Fuel,Paid,N,
106,95,Platinum,300000,3,23-01-202300:00:00,43954,Groceries,Paid,N,
722,95,Gold,100000,2,13-07-202300:00:00,33814,Fuel,Paid,N,
1645,95,Platinum,300000,3,22-04-202300:00:00,43429,Groceries,Paid,N,
1813,95,Platinum,300000,3,05-09-202300:00:00,27669,Fuel,Paid,N,
141,96,Gold,100000,2,26-04-202300:00:00,27256,Travel,Paid,N,
387,96,Platinum,300000,3,10-07-202300:00:00,48653,Travel,Paid,N,
570,96,Gold,100000,2,25-10-202300:00:00,38028,Travel,Paid,N,
760,96,Platinum,300000,3,10-10-202300:00:00,11431,Electronics,Paid,N,
454,97,Platinum,300000,3,03-12-202300:00:00,30185,Fuel,Paid,N,
996,97,Platinum,300000,3,13-03-202300:00:00,25247,Groceries,Paid,N,
1642,97,Gold,100000,2,21-03-202300:00:00,39611,Travel,Paid,N,
1207,98,Platinum,300000,3,12-03-202300:00:00,27681,Travel,Default,N,
1071,99,Gold,100000,2,09-10-202300:00:00,46005,Electronics,Paid,N,
1075,100,Gold,100000,2,23-11-202300:00:00,40397,Dining,Paid,N,
1152,100,Platinum,300000,3,13-05-202300:00:00,9219,Fuel,Paid,N,
1839,100,Platinum,300000,3,26-11-202300:00:00,20338,Electronics,Paid,N,
733,101,Platinum,300000,3,13-06-202300:00:00,2252,Travel,Paid,N,
821,101,Platinum,300000,3,23-09-202300:00:00,44828,Fuel,Paid,N,
2012,101,Gold,100000,2,13-04-202300:00:00,44390,Electronics,Paid,N,
380,102,,,,,,,,Y,LowSalary
216,103,Platinum,300000,3,04-07-202300:00:00,20142,Travel,Paid,N,
645,103,Platinum,300000,3,09-10-202300:00:00,49603,Travel,Default,N,
1437,103,Platinum,300000,3,23-06-202300:00:00,44313,Fuel,Paid,N,
1988,103,Signature,600000,4,09-01-202300:00:00,17279,Electronics,Paid,N,
1061,104,Platinum,300000,3,23-10-202300:00:00,6769,Travel,Paid,N,
843,105,Platinum,300000,3,11-04-202300:00:00,9197,Electronics,Paid,N,
2185,105,Platinum,300000,3,12-04-202300:00:00,36363,Dining,Paid,N,
447,106,Platinum,300000,3,13-02-202300:00:00,48136,Fuel,Paid,N,
787,106,Gold,100000,2,11-10-202300:00:00,38034,Groceries,Paid,N,
1381,106,Platinum,300000,3,15-05-202300:00:00,17897,Fuel,Paid,N,
1847,106,Platinum,300000,3,24-02-202300:00:00,24790,Dining,Paid,N,
1950,106,Gold,100000,2,20-10-202300:00:00,15337,Dining,Paid,N,
974,107,,,,,,,,Y,LowCIBIL
1214,107,,,,,,,,Y,UnstableEmployment
1260,107,,,,,,,,Y,UnstableEmployment
1527,107,,,,,,,,Y,HighDebt
2006,107,,,,,,,,Y,LowSalary
1064,108,Gold,100000,2,12-07-202300:00:00,27311,Travel,Paid,N,
44,109,,,,,,,,Y,HighDebt
194,109,,,,,,,,Y,UnstableEmployment
583,109,,,,,,,,Y,HighDebt
820,109,,,,,,,,Y,LowSalary
782,110,,,,,,,,Y,LowSalary
1456,110,,,,,,,,Y,LowSalary
2271,110,,,,,,,,Y,LowCIBIL
186,111,,,,,,,,Y,LowSalary
341,111,,,,,,,,Y,LowCIBIL
1253,111,,,,,,,,Y,UnstableEmployment
2155,111,,,,,,,,Y,LowSalary
2191,111,,,,,,,,Y,LowSalary
816,112,,,,,,,,Y,LowCIBIL
366,113,,,,,,,,Y,LowSalary
1873,113,,,,,,,,Y,HighDebt
413,114,,,,,,,,Y,HighDebt
1606,114,,,,,,,,Y,LowSalary
49,115,,,,,,,,Y,HighDebt
1810,115,,,,,,,,Y,HighDebt
2266,115,,,,,,,,Y,LowSalary
1099,116,Platinum,300000,3,18-10-202300:00:00,10325,Fuel,Paid,N,
1213,116,Gold,100000,2,31-01-202300:00:00,21637,Travel,Paid,N,
1581,116,Gold,100000,2,16-06-202300:00:00,22326,Groceries,Paid,N,
1672,116,Gold,100000,2,14-11-202300:00:00,47077,Travel,Paid,N,
1893,116,Platinum,300000,3,10-02-202300:00:00,5032,Travel,Paid,N,
370,117,Gold,100000,2,05-07-202300:00:00,47821,Fuel,Paid,N,
844,117,Platinum,300000,3,08-09-202300:00:00,18013,Fuel,Paid,N,
1210,117,Platinum,300000,3,22-08-202300:00:00,605,Dining,Paid,N,
1979,117,Platinum,300000,3,12-11-202300:00:00,16638,Travel,Paid,N,
1339,118,,,,,,,,Y,LowCIBIL
1828,118,,,,,,,,Y,LowSalary
1858,118,,,,,,,,Y,UnstableEmployment
2225,118,,,,,,,,Y,HighDebt
1462,120,Platinum,300000,3,21-11-202300:00:00,35821,Travel,Default,N,
2077,120,Gold,100000,2,22-10-202300:00:00,18058,Travel,Paid,N,
695,122,,,,,,,,Y,LowCIBIL
1784,122,,,,,,,,Y,LowSalary
1972,122,,,,,,,,Y,LowCIBIL
2204,122,,,,,,,,Y,UnstableEmployment
419,123,Platinum,300000,3,09-08-202300:00:00,27870,Travel,Paid,N,
943,123,Platinum,300000,3,26-12-202300:00:00,26002,Groceries,Paid,N,
1160,123,Signature,600000,4,31-07-202300:00:00,47224,Groceries,Paid,N,
1475,123,Platinum,300000,3,06-12-202300:00:00,5557,Electronics,Paid,N,
2184,123,Platinum,300000,3,22-12-202300:00:00,3785,Fuel,Paid,N,
213,124,Gold,100000,2,02-10-202300:00:00,47005,Travel,Paid,N,
1091,124,Platinum,300000,3,27-03-202300:00:00,20581,Travel,Paid,N,
267,125,Platinum,300000,3,08-11-202300:00:00,6740,Travel,Paid,N,
556,125,Platinum,300000,3,02-05-202300:00:00,20769,Electronics,Paid,N,
1958,125,Signature,600000,4,05-06-202300:00:00,41797,Electronics,Paid,N,
356,126,Signature,600000,4,19-04-202300:00:00,548,Fuel,Paid,N,
2187,126,Platinum,300000,3,13-09-202300:00:00,17204,Dining,Paid,N,
1186,127,Platinum,300000,3,20-01-202300:00:00,48394,Electronics,Paid,N,
1335,127,Gold,100000,2,02-11-202300:00:00,33388,Electronics,Default,N,
2120,128,,,,,,,,Y,HighDebt
561,129,Gold,100000,2,19-08-202300:00:00,42612,Electronics,Paid,N,
1523,129,Silver,50000,1,25-12-202300:00:00,46922,Groceries,Paid,N,
1564,129,Gold,100000,2,30-04-202300:00:00,37401,Groceries,Paid,N,
377,130,,,,,,,,Y,HighDebt
947,130,,,,,,,,Y,HighDebt
112,131,Platinum,300000,3,21-01-202300:00:00,15299,Dining,Paid,N,
170,131,Platinum,300000,3,31-10-202300:00:00,27139,Fuel,Paid,N,
1048,131,Platinum,300000,3,26-12-202300:00:00,41002,Fuel,Paid,N,
2017,131,Platinum,300000,3,31-01-202300:00:00,8814,Dining,Paid,N,
53,132,,,,,,,,Y,UnstableEmployment
563,132,,,,,,,,Y,LowCIBIL
604,132,,,,,,,,Y,LowSalary
2218,132,,,,,,,,Y,HighDebt
420,133,Platinum,300000,3,28-04-202300:00:00,17032,Fuel,Paid,N,
1169,133,Platinum,300000,3,26-07-202300:00:00,38669,Electronics,Paid,N,
364,134,,,,,,,,Y,HighDebt
999,134,,,,,,,,Y,LowCIBIL
367,135,,,,,,,,Y,LowSalary
1530,135,,,,,,,,Y,LowCIBIL
1714,135,,,,,,,,Y,LowCIBIL
2064,136,,,,,,,,Y,UnstableEmployment
510,137,Silver,50000,1,23-06-202300:00:00,31233,Travel,Paid,N,
1352,138,,,,,,,,Y,HighDebt
1367,138,,,,,,,,Y,UnstableEmployment
1401,138,,,,,,,,Y,LowSalary
1882,138,,,,,,,,Y,LowSalary
347,139,Signature,600000,4,10-12-202300:00:00,32319,Fuel,Paid,N,
550,139,Platinum,300000,3,01-01-202400:00:00,13463,Electronics,Paid,N,
1117,139,Platinum,300000,3,13-04-202300:00:00,45427,Groceries,Paid,N,
1535,139,Platinum,300000,3,22-08-202300:00:00,37464,Fuel,Paid,N,
1707,139,Signature,600000,4,16-03-202300:00:00,13765,Fuel,Paid,N,
803,140,,,,,,,,Y,HighDebt
2018,140,,,,,,,,Y,LowSalary
2175,140,,,,,,,,Y,UnstableEmployment
491,141,Gold,100000,2,30-08-202300:00:00,24416,Travel,Paid,N,
640,141,Gold,100000,2,28-10-202300:00:00,39951,Travel,Paid,N,
1162,141,Gold,100000,2,19-10-202300:00:00,43613,Electronics,Paid,N,
1885,141,Platinum,300000,3,23-12-202300:00:00,38670,Fuel,Paid,N,
2105,143,Gold,100000,2,05-06-202300:00:00,2041,Electronics,Paid,N,
72,144,Signature,600000,4,25-08-202300:00:00,6166,Travel,Paid,N,
855,144,Platinum,300000,3,19-08-202300:00:00,4567,Fuel,Paid,N,
585,145,,,,,,,,Y,LowSalary
1052,145,,,,,,,,Y,HighDebt
1163,147,Platinum,300000,3,03-04-202300:00:00,40143,Groceries,Paid,N,
581,148,Platinum,300000,3,13-06-202300:00:00,25901,Dining,Paid,N,
1884,148,Platinum,300000,3,11-03-202300:00:00,4555,Groceries,Paid,N,
1276,149,Silver,50000,1,13-04-202300:00:00,26620,Dining,Paid,N,
1278,150,Gold,100000,2,01-06-202300:00:00,36391,Travel,Paid,N,
2164,150,Platinum,300000,3,28-06-202300:00:00,32569,Dining,Paid,N,
142,151,Platinum,300000,3,01-09-202300:00:00,3333,Fuel,Paid,N,
111,152,,,,,,,,Y,UnstableEmployment
1657,152,,,,,,,,Y,LowCIBIL
1761,152,,,,,,,,Y,LowSalary
2098,152,,,,,,,,Y,UnstableEmployment
756,153,,,,,,,,Y,LowCIBIL
1227,153,,,,,,,,Y,LowSalary
1953,153,,,,,,,,Y,LowSalary
437,155,,,,,,,,Y,UnstableEmployment
969,155,,,,,,,,Y,LowSalary
1565,155,,,,,,,,Y,LowSalary
225,156,,,,,,,,Y,LowCIBIL
46,157,Platinum,300000,3,04-10-202300:00:00,19327,Fuel,Paid,N,
674,157,Platinum,300000,3,07-11-202300:00:00,17982,Dining,Paid,N,
1653,157,Gold,100000,2,21-07-202300:00:00,42401,Electronics,Paid,N,
2198,157,Platinum,300000,3,19-02-202300:00:00,1886,Groceries,Paid,N,
780,158,,,,,,,,Y,UnstableEmployment
1072,158,,,,,,,,Y,LowSalary
1814,158,,,,,,,,Y,LowCIBIL
1880,158,,,,,,,,Y,HighDebt
2118,158,,,,,,,,Y,HighDebt
11,160,Gold,100000,2,22-06-202300:00:00,14231,Groceries,Paid,N,
102,160,Platinum,300000,3,18-04-202300:00:00,4380,Dining,Paid,N,
407,160,Gold,100000,2,26-01-202300:00:00,38226,Groceries,Paid,N,
985,160,Gold,100000,2,27-08-202300:00:00,35990,Dining,Paid,N,
2084,160,Gold,100000,2,07-10-202300:00:00,32876,Fuel,Paid,N,
234,161,Gold,100000,2,08-02-202300:00:00,48163,Travel,Paid,N,
1331,161,Gold,100000,2,20-07-202300:00:00,7294,Fuel,Paid,N,
42,162,,,,,,,,Y,UnstableEmployment
97,162,,,,,,,,Y,UnstableEmployment
312,162,,,,,,,,Y,LowSalary
404,162,,,,,,,,Y,HighDebt
579,162,,,,,,,,Y,UnstableEmployment
989,162,,,,,,,,Y,HighDebt
1043,162,,,,,,,,Y,UnstableEmployment
1708,162,,,,,,,,Y,HighDebt
1827,162,,,,,,,,Y,HighDebt
153,163,Platinum,300000,3,07-05-202300:00:00,29650,Dining,Paid,N,
1025,164,,,,,,,,Y,LowSalary
1371,164,,,,,,,,Y,LowCIBIL
1338,165,Gold,100000,2,10-05-202300:00:00,47031,Travel,Paid,N,
2165,165,Gold,100000,2,04-02-202300:00:00,15206,Groceries,Paid,N,
476,166,,,,,,,,Y,LowCIBIL
1516,166,,,,,,,,Y,HighDebt
1767,166,,,,,,,,Y,HighDebt
2076,166,,,,,,,,Y,LowCIBIL
21,167,,,,,,,,Y,HighDebt
612,167,,,,,,,,Y,UnstableEmployment
657,167,,,,,,,,Y,UnstableEmployment
1062,167,,,,,,,,Y,UnstableEmployment
2141,167,,,,,,,,Y,LowSalary
944,168,Platinum,300000,3,25-09-202300:00:00,37920,Fuel,Paid,N,
1123,168,Platinum,300000,3,19-12-202300:00:00,23054,Groceries,Paid,N,
680,169,Signature,600000,4,15-08-202300:00:00,16074,Groceries,Paid,N,
818,171,,,,,,,,Y,LowSalary
946,171,,,,,,,,Y,HighDebt
1736,171,,,,,,,,Y,UnstableEmployment
2074,171,,,,,,,,Y,LowCIBIL
2234,171,,,,,,,,Y,HighDebt
185,172,Gold,100000,2,25-03-202300:00:00,18816,Dining,Paid,N,
796,172,Platinum,300000,3,03-06-202300:00:00,6593,Electronics,Paid,N,
860,172,Gold,100000,2,23-04-202300:00:00,32817,Dining,Paid,N,
1582,172,Platinum,300000,3,22-07-202300:00:00,11476,Travel,Paid,N,
1901,172,Gold,100000,2,02-11-202300:00:00,12890,Dining,Paid,N,
1920,172,Platinum,300000,3,04-06-202300:00:00,41696,Electronics,Paid,N,
1985,173,,,,,,,,Y,HighDebt
794,174,,,,,,,,Y,LowCIBIL
1903,174,,,,,,,,Y,LowSalary
2226,174,,,,,,,,Y,LowSalary
306,175,,,,,,,,Y,LowCIBIL
1406,175,,,,,,,,Y,LowCIBIL
571,176,Platinum,300000,3,16-10-202300:00:00,13936,Groceries,Paid,N,
2072,176,Platinum,300000,3,10-07-202300:00:00,46728,Dining,Paid,N,
1104,177,Platinum,300000,3,13-11-202300:00:00,16135,Fuel,Paid,N,
1259,178,,,,,,,,Y,LowCIBIL
1856,178,,,,,,,,Y,LowSalary
836,179,,,,,,,,Y,LowCIBIL
1046,179,,,,,,,,Y,HighDebt
1510,179,,,,,,,,Y,HighDebt
661,180,,,,,,,,Y,UnstableEmployment
1033,180,,,,,,,,Y,UnstableEmployment
1357,180,,,,,,,,Y,LowSalary
2108,180,,,,,,,,Y,UnstableEmployment
1963,181,Gold,100000,2,05-12-202300:00:00,26893,Travel,Paid,N,
2002,181,Gold,100000,2,23-01-202300:00:00,29442,Groceries,Paid,N,
435,182,Platinum,300000,3,16-10-202300:00:00,38604,Fuel,Paid,N,
1122,182,Platinum,300000,3,29-06-202300:00:00,35341,Dining,Paid,N,
2209,182,Platinum,300000,3,26-03-202300:00:00,7354,Electronics,Paid,N,
1946,183,Platinum,300000,3,13-04-202300:00:00,13835,Fuel,Default,N,
2015,183,Platinum,300000,3,23-08-202300:00:00,10219,Travel,Paid,N,
956,184,Platinum,300000,3,01-01-202400:00:00,26128,Electronics,Paid,N,
962,184,Platinum,300000,3,24-01-202300:00:00,21453,Electronics,Paid,N,
1434,184,Signature,600000,4,05-09-202300:00:00,16182,Dining,Paid,N,
1836,184,Signature,600000,4,09-06-202300:00:00,25520,Dining,Paid,N,
2182,184,Platinum,300000,3,09-09-202300:00:00,9666,Groceries,Paid,N,
1739,185,,,,,,,,Y,LowCIBIL
1151,186,,,,,,,,Y,HighDebt
1217,186,,,,,,,,Y,UnstableEmployment
173,187,,,,,,,,Y,LowSalary
1050,187,,,,,,,,Y,HighDebt
1555,187,,,,,,,,Y,LowCIBIL
1469,188,Gold,100000,2,13-04-202300:00:00,21210,Travel,Paid,N,
222,189,,,,,,,,Y,LowSalary
716,189,,,,,,,,Y,UnstableEmployment
743,189,,,,,,,,Y,LowSalary
1522,189,,,,,,,,Y,LowSalary
1719,189,,,,,,,,Y,UnstableEmployment
664,190,,,,,,,,Y,LowCIBIL
853,191,,,,,,,,Y,UnstableEmployment
1562,191,,,,,,,,Y,LowSalary
1691,191,,,,,,,,Y,LowCIBIL
504,192,,,,,,,,Y,LowSalary
524,192,,,,,,,,Y,UnstableEmployment
1009,192,,,,,,,,Y,HighDebt
1079,192,,,,,,,,Y,UnstableEmployment
1291,192,,,,,,,,Y,LowCIBIL
1394,192,,,,,,,,Y,LowCIBIL
1487,192,,,,,,,,Y,HighDebt
263,193,,,,,,,,Y,HighDebt
1141,193,,,,,,,,Y,LowCIBIL
1250,193,,,,,,,,Y,LowSalary
1559,193,,,,,,,,Y,HighDebt
2058,193,,,,,,,,Y,UnstableEmployment
925,194,,,,,,,,Y,UnstableEmployment
1548,194,,,,,,,,Y,UnstableEmployment
71,195,,,,,,,,Y,UnstableEmployment
590,195,,,,,,,,Y,LowCIBIL
727,195,,,,,,,,Y,LowSalary
1594,195,,,,,,,,Y,LowCIBIL
1603,195,,,,,,,,Y,UnstableEmployment
1734,195,,,,,,,,Y,HighDebt
276,196,,,,,,,,Y,LowCIBIL
1172,196,,,,,,,,Y,LowSalary
1666,196,,,,,,,,Y,HighDebt
214,197,Gold,100000,2,22-05-202300:00:00,33832,Fuel,Paid,N,
464,197,Gold,100000,2,21-03-202300:00:00,40493,Groceries,Paid,N,
757,197,Platinum,300000,3,17-05-202300:00:00,39063,Electronics,Paid,N,
1967,198,,,,,,,,Y,LowSalary
1346,199,Platinum,300000,3,18-06-202300:00:00,18960,Fuel,Paid,N,
857,200,,,,,,,,Y,UnstableEmployment
739,201,Signature,600000,4,19-10-202300:00:00,3142,Travel,Paid,N,
1867,201,Platinum,300000,3,12-06-202300:00:00,12453,Dining,Paid,N,
434,203,Gold,100000,2,02-12-202300:00:00,11937,Groceries,Paid,N,
1197,204,Gold,100000,2,25-09-202300:00:00,45248,Travel,Paid,N,
1580,204,Platinum,300000,3,08-12-202300:00:00,10396,Travel,Paid,N,
549,205,,,,,,,,Y,LowSalary
2110,205,,,,,,,,Y,LowCIBIL
1266,206,,,,,,,,Y,LowCIBIL
2186,206,,,,,,,,Y,UnstableEmployment
1609,207,,,,,,,,Y,LowSalary
2236,207,,,,,,,,Y,UnstableEmployment
679,208,,,,,,,,Y,LowCIBIL
1286,208,,,,,,,,Y,UnstableEmployment
103,209,,,,,,,,Y,HighDebt
1678,209,,,,,,,,Y,HighDebt
842,211,Platinum,300000,3,02-02-202300:00:00,28536,Fuel,Paid,N,
2080,211,Gold,100000,2,26-06-202300:00:00,34432,Travel,Paid,N,
1472,212,Gold,100000,2,08-05-202300:00:00,22719,Fuel,Paid,N,
1830,212,Platinum,300000,3,19-05-202300:00:00,16382,Travel,Paid,N,
767,213,Gold,100000,2,31-12-202300:00:00,35699,Electronics,Paid,N,
1801,214,,,,,,,,Y,HighDebt
1852,214,,,,,,,,Y,UnstableEmployment
871,215,,,,,,,,Y,HighDebt
1677,215,,,,,,,,Y,LowCIBIL
113,216,Gold,100000,2,01-07-202300:00:00,49548,Fuel,Paid,N,
1399,216,Gold,100000,2,30-07-202300:00:00,45906,Groceries,Paid,N,
1490,216,Platinum,300000,3,10-07-202300:00:00,42070,Dining,Paid,N,
1524,216,Gold,100000,2,18-02-202300:00:00,30325,Groceries,Paid,N,
55,217,,,,,,,,Y,LowCIBIL
764,217,,,,,,,,Y,UnstableEmployment
1184,217,,,,,,,,Y,LowSalary
1393,217,,,,,,,,Y,LowCIBIL
1877,217,,,,,,,,Y,LowCIBIL
31,218,,,,,,,,Y,UnstableEmployment
462,220,,,,,,,,Y,HighDebt
1633,220,,,,,,,,Y,UnstableEmployment
1639,220,,,,,,,,Y,HighDebt
2170,220,,,,,,,,Y,UnstableEmployment
2272,220,,,,,,,,Y,HighDebt
494,221,Gold,100000,2,08-11-202300:00:00,46921,Fuel,Paid,N,
991,221,Platinum,300000,3,31-12-202300:00:00,1968,Travel,Paid,N,
1252,221,Platinum,300000,3,08-04-202300:00:00,6282,Dining,Paid,N,
2103,221,Platinum,300000,3,01-08-202300:00:00,40530,Electronics,Paid,N,
706,223,Gold,100000,2,29-05-202300:00:00,22898,Travel,Paid,N,
1757,223,Platinum,300000,3,15-08-202300:00:00,35501,Groceries,Paid,N,
1863,223,Gold,100000,2,22-11-202300:00:00,3350,Groceries,Paid,N,
887,224,,,,,,,,Y,UnstableEmployment
1468,224,,,,,,,,Y,HighDebt
2142,224,,,,,,,,Y,LowCIBIL
2270,224,,,,,,,,Y,LowCIBIL
323,225,,,,,,,,Y,LowCIBIL
1022,225,,,,,,,,Y,LowSalary
1375,225,,,,,,,,Y,UnstableEmployment
1999,225,,,,,,,,Y,UnstableEmployment
59,226,Platinum,300000,3,20-11-202300:00:00,2048,Groceries,Paid,N,
2013,226,Platinum,300000,3,06-09-202300:00:00,21822,Groceries,Paid,N,
1154,228,,,,,,,,Y,HighDebt
1655,228,,,,,,,,Y,UnstableEmployment
122,229,Silver,50000,1,24-07-202300:00:00,4490,Dining,Paid,N,
1047,229,Silver,50000,1,19-12-202300:00:00,34153,Dining,Paid,N,
1155,229,Gold,100000,2,19-06-202300:00:00,28685,Dining,Paid,N,
1233,229,Gold,100000,2,01-05-202300:00:00,20141,Groceries,Paid,N,
488,230,,,,,,,,Y,LowSalary
957,230,,,,,,,,Y,HighDebt
1129,230,,,,,,,,Y,HighDebt
1183,230,,,,,,,,Y,LowCIBIL
2116,230,,,,,,,,Y,LowSalary
270,231,,,,,,,,Y,LowSalary
394,232,Platinum,300000,3,15-11-202300:00:00,9972,Fuel,Paid,N,
905,232,Platinum,300000,3,23-12-202300:00:00,32173,Dining,Default,N,
1175,232,Platinum,300000,3,22-02-202300:00:00,31488,Electronics,Paid,N,
2180,232,Platinum,300000,3,08-08-202300:00:00,1813,Travel,Paid,N,
299,233,,,,,,,,Y,LowSalary
1085,233,,,,,,,,Y,LowSalary
1537,233,,,,,,,,Y,LowSalary
383,234,Platinum,300000,3,21-08-202300:00:00,24281,Electronics,Paid,N,
1517,234,Platinum,300000,3,30-05-202300:00:00,8722,Dining,Paid,N,
28,235,Platinum,300000,3,25-07-202300:00:00,13607,Dining,Paid,N,
60,235,Platinum,300000,3,19-06-202300:00:00,5565,Groceries,Paid,N,
910,235,Signature,600000,4,22-02-202300:00:00,31474,Groceries,Paid,N,
1421,235,Signature,600000,4,15-07-202300:00:00,8461,Dining,Paid,N,
1529,235,Platinum,300000,3,15-08-202300:00:00,3286,Travel,Paid,N,
1411,236,,,,,,,,Y,UnstableEmployment
2010,236,,,,,,,,Y,LowSalary
1546,237,,,,,,,,Y,LowSalary
309,238,,,,,,,,Y,UnstableEmployment
1376,238,,,,,,,,Y,LowSalary
971,239,,,,,,,,Y,HighDebt
471,240,Gold,100000,2,29-08-202300:00:00,39053,Travel,Paid,N,
1378,240,Gold,100000,2,23-09-202300:00:00,528,Dining,Paid,N,
1200,241,Silver,50000,1,15-02-202300:00:00,20621,Groceries,Default,N,
1997,242,Silver,50000,1,29-09-202300:00:00,18533,Groceries,Paid,N,
708,243,,,,,,,,Y,HighDebt
1029,243,,,,,,,,Y,HighDebt
1488,243,,,,,,,,Y,HighDebt
497,244,Signature,600000,4,03-05-202300:00:00,4315,Electronics,Paid,N,
1281,244,Signature,600000,4,25-01-202300:00:00,46336,Electronics,Paid,N,
1917,244,Signature,600000,4,27-03-202300:00:00,28066,Travel,Paid,N,
850,245,Signature,600000,4,11-07-202300:00:00,31044,Travel,Paid,N,
1850,245,Platinum,300000,3,04-09-202300:00:00,10755,Electronics,Paid,N,
717,247,Platinum,300000,3,29-12-202300:00:00,5647,Travel,Paid,N,
1232,247,Signature,600000,4,26-01-202300:00:00,35050,Fuel,Paid,N,
1307,247,Platinum,300000,3,16-12-202300:00:00,27882,Dining,Paid,N,
206,248,Gold,100000,2,04-05-202300:00:00,37201,Electronics,Paid,N,
584,248,Gold,100000,2,19-08-202300:00:00,4170,Travel,Paid,N,
641,249,,,,,,,,Y,LowSalary
729,249,,,,,,,,Y,LowCIBIL
759,250,Gold,100000,2,11-02-202300:00:00,43799,Groceries,Paid,N,
1400,250,Gold,100000,2,31-10-202300:00:00,48157,Travel,Paid,N,
3,251,Gold,100000,2,22-02-202300:00:00,1345,Fuel,Paid,N,
705,251,Gold,100000,2,30-04-202300:00:00,13788,Fuel,Paid,N,
955,251,Gold,100000,2,16-07-202300:00:00,19135,Travel,Paid,N,
2257,252,Signature,600000,4,14-10-202300:00:00,20058,Electronics,Paid,N,
181,254,,,,,,,,Y,LowCIBIL
920,254,,,,,,,,Y,HighDebt
1026,254,,,,,,,,Y,LowCIBIL
2027,254,,,,,,,,Y,HighDebt
70,255,,,,,,,,Y,LowCIBIL
587,255,,,,,,,,Y,LowCIBIL
922,255,,,,,,,,Y,HighDebt
958,255,,,,,,,,Y,UnstableEmployment
1056,256,Platinum,300000,3,25-02-202300:00:00,2573,Groceries,Paid,N,
1118,256,Platinum,300000,3,04-07-202300:00:00,4923,Travel,Paid,N,
1743,257,Platinum,300000,3,31-12-202300:00:00,49428,Travel,Paid,N,
2192,257,Platinum,300000,3,18-11-202300:00:00,21823,Travel,Paid,N,
105,258,,,,,,,,Y,LowSalary
223,259,Signature,600000,4,03-02-202300:00:00,26063,Electronics,Paid,N,
812,259,Platinum,300000,3,13-07-202300:00:00,15782,Groceries,Paid,N,
1909,259,Platinum,300000,3,21-05-202300:00:00,5364,Dining,Paid,N,
519,260,,,,,,,,Y,LowSalary
1429,260,,,,,,,,Y,HighDebt
1940,260,,,,,,,,Y,HighDebt
2282,260,,,,,,,,Y,UnstableEmployment
129,261,Platinum,300000,3,01-01-202300:00:00,10479,Fuel,Paid,N,
1424,261,Signature,600000,4,12-02-202300:00:00,26640,Dining,Paid,N,
1683,262,Gold,100000,2,13-04-202300:00:00,11429,Fuel,Default,N,
1644,263,,,,,,,,Y,HighDebt
2255,263,,,,,,,,Y,LowCIBIL
332,264,,,,,,,,Y,UnstableEmployment
1458,264,,,,,,,,Y,HighDebt
1841,265,Platinum,300000,3,25-12-202300:00:00,13379,Dining,Paid,N,
174,267,,,,,,,,Y,UnstableEmployment
1156,267,,,,,,,,Y,HighDebt
1505,267,,,,,,,,Y,HighDebt
1540,267,,,,,,,,Y,LowCIBIL
91,268,Platinum,300000,3,10-06-202300:00:00,43669,Travel,Paid,N,
669,268,Signature,600000,4,01-02-202300:00:00,24898,Groceries,Paid,N,
13,271,,,,,,,,Y,LowSalary
233,271,,,,,,,,Y,LowSalary
336,271,,,,,,,,Y,LowSalary
1377,271,,,,,,,,Y,HighDebt
92,272,Platinum,300000,3,27-11-202300:00:00,8246,Dining,Paid,N,
95,272,Gold,100000,2,05-02-202300:00:00,16096,Travel,Paid,N,
369,272,Gold,100000,2,04-08-202300:00:00,28536,Fuel,Paid,N,
573,272,Gold,100000,2,02-08-202300:00:00,31225,Fuel,Paid,N,
1643,272,Platinum,300000,3,08-05-202300:00:00,35531,Travel,Paid,N,
241,273,Platinum,300000,3,26-03-202300:00:00,29353,Dining,Paid,N,
1027,273,Platinum,300000,3,23-04-202300:00:00,48415,Fuel,Paid,N,
1955,273,Platinum,300000,3,20-07-202300:00:00,12622,Fuel,Paid,N,
118,274,Gold,100000,2,25-02-202300:00:00,43833,Electronics,Paid,N,
2249,275,,,,,,,,Y,UnstableEmployment
795,276,Signature,600000,4,16-03-202300:00:00,39890,Groceries,Paid,N,
1107,276,Signature,600000,4,05-06-202300:00:00,21260,Dining,Default,N,
1112,276,Signature,600000,4,15-02-202300:00:00,21752,Travel,Paid,N,
1127,276,Signature,600000,4,16-12-202300:00:00,7325,Groceries,Paid,N,
1891,276,Signature,600000,4,23-10-202300:00:00,34940,Dining,Paid,N,
25,277,,,,,,,,Y,LowCIBIL
765,278,Platinum,300000,3,17-12-202300:00:00,1544,Dining,Paid,N,
1519,278,Signature,600000,4,05-07-202300:00:00,24574,Fuel,Paid,N,
1684,278,Platinum,300000,3,05-01-202300:00:00,15342,Groceries,Paid,N,
2137,278,Signature,600000,4,24-10-202300:00:00,3472,Dining,Paid,N,
157,279,,,,,,,,Y,HighDebt
244,279,,,,,,,,Y,UnstableEmployment
408,279,,,,,,,,Y,UnstableEmployment
983,279,,,,,,,,Y,LowCIBIL
1534,279,,,,,,,,Y,UnstableEmployment
397,280,,,,,,,,Y,HighDebt
410,280,,,,,,,,Y,LowCIBIL
521,280,,,,,,,,Y,LowSalary
1119,281,Platinum,300000,3,16-09-202300:00:00,10950,Electronics,Paid,N,
2293,281,Gold,100000,2,09-09-202300:00:00,10792,Electronics,Paid,N,
156,282,Platinum,300000,3,27-05-202300:00:00,11389,Travel,Paid,N,
569,282,Gold,100000,2,11-11-202300:00:00,17831,Fuel,Paid,N,
711,282,Gold,100000,2,30-10-202300:00:00,18551,Travel,Paid,N,
278,283,,,,,,,,Y,UnstableEmployment
355,283,,,,,,,,Y,LowCIBIL
700,283,,,,,,,,Y,LowCIBIL
363,284,,,,,,,,Y,LowCIBIL
878,284,,,,,,,,Y,LowCIBIL
1351,284,,,,,,,,Y,HighDebt
2054,284,,,,,,,,Y,LowSalary
176,285,Platinum,300000,3,11-02-202300:00:00,8277,Electronics,Paid,N,
252,285,Gold,100000,2,12-08-202300:00:00,29943,Electronics,Paid,N,
937,285,Gold,100000,2,19-09-202300:00:00,23263,Travel,Paid,N,
123,286,Gold,100000,2,23-05-202300:00:00,19573,Dining,Paid,N,
1010,287,Platinum,300000,3,18-01-202300:00:00,38341,Fuel,Paid,N,
1492,287,Platinum,300000,3,09-03-202300:00:00,30180,Fuel,Paid,N,
1700,287,Gold,100000,2,21-07-202300:00:00,45769,Travel,Paid,N,
1108,288,,,,,,,,Y,UnstableEmployment
1804,288,,,,,,,,Y,LowSalary
1329,289,,,,,,,,Y,UnstableEmployment
1563,289,,,,,,,,Y,HighDebt
1138,290,Platinum,300000,3,04-09-202300:00:00,21148,Groceries,Paid,N,
1846,290,Platinum,300000,3,07-03-202300:00:00,42755,Fuel,Paid,N,
140,291,,,,,,,,Y,HighDebt
1991,291,,,,,,,,Y,UnstableEmployment
480,292,,,,,,,,Y,LowSalary
654,292,,,,,,,,Y,UnstableEmployment
1124,292,,,,,,,,Y,LowSalary
1345,292,,,,,,,,Y,LowSalary
1552,292,,,,,,,,Y,HighDebt
2004,292,,,,,,,,Y,LowCIBIL
2101,292,,,,,,,,Y,HighDebt
548,293,,,,,,,,Y,UnstableEmployment
596,293,,,,,,,,Y,LowSalary
648,293,,,,,,,,Y,LowSalary
1445,293,,,,,,,,Y,LowCIBIL
1905,294,,,,,,,,Y,UnstableEmployment
633,295,,,,,,,,Y,LowSalary
2238,295,,,,,,,,Y,HighDebt
256,296,Platinum,300000,3,09-10-202300:00:00,13803,Groceries,Paid,N,
1754,296,Gold,100000,2,09-03-202300:00:00,48906,Travel,Paid,N,
1924,296,Platinum,300000,3,11-06-202300:00:00,9836,Fuel,Paid,N,
2061,296,Gold,100000,2,22-05-202300:00:00,25096,Groceries,Paid,N,
2104,296,Gold,100000,2,06-08-202300:00:00,27349,Electronics,Paid,N,
418,297,,,,,,,,Y,HighDebt
876,297,,,,,,,,Y,HighDebt
1327,297,,,,,,,,Y,HighDebt
1556,297,,,,,,,,Y,LowSalary
1656,297,,,,,,,,Y,UnstableEmployment
2112,297,,,,,,,,Y,UnstableEmployment
1177,298,Platinum,300000,3,02-11-202300:00:00,11412,Fuel,Paid,N,
1342,298,Gold,100000,2,12-04-202300:00:00,15950,Fuel,Paid,N,
237,299,Platinum,300000,3,28-12-202300:00:00,850,Dining,Paid,N,
502,299,Signature,600000,4,30-06-202300:00:00,37775,Travel,Default,N,
981,299,Signature,600000,4,21-07-202300:00:00,15578,Dining,Paid,N,
2066,299,Platinum,300000,3,29-04-202300:00:00,5155,Fuel,Paid,N,
2134,299,Platinum,300000,3,18-11-202300:00:00,18306,Travel,Paid,N,
219,300,Gold,100000,2,09-09-202300:00:00,35768,Groceries,Paid,N,
1774,300,Platinum,300000,3,22-12-202300:00:00,8026,Dining,Paid,N,
2057,300,Platinum,300000,3,11-12-202300:00:00,33036,Groceries,Paid,N,
41,301,,,,,,,,Y,UnstableEmployment
303,301,,,,,,,,Y,HighDebt
1290,302,Signature,600000,4,16-12-202300:00:00,13862,Groceries,Paid,N,
1737,302,Platinum,300000,3,14-03-202300:00:00,32001,Electronics,Paid,N,
465,303,,,,,,,,Y,LowSalary
738,303,,,,,,,,Y,LowCIBIL
826,303,,,,,,,,Y,UnstableEmployment
926,303,,,,,,,,Y,LowSalary
1146,303,,,,,,,,Y,HighDebt
1332,303,,,,,,,,Y,LowCIBIL
1597,303,,,,,,,,Y,HighDebt
2021,303,,,,,,,,Y,LowCIBIL
2034,303,,,,,,,,Y,LowCIBIL
2042,304,,,,,,,,Y,UnstableEmployment
577,305,,,,,,,,Y,UnstableEmployment
868,305,,,,,,,,Y,LowSalary
2289,305,,,,,,,,Y,LowCIBIL
1333,306,,,,,,,,Y,HighDebt
1089,307,Gold,100000,2,01-01-202400:00:00,2513,Groceries,Paid,N,
1265,307,Platinum,300000,3,11-10-202300:00:00,26493,Travel,Paid,N,
1545,307,Gold,100000,2,30-05-202300:00:00,36007,Fuel,Paid,N,
1964,307,Platinum,300000,3,19-11-202300:00:00,23254,Dining,Paid,N,
1110,308,,,,,,,,Y,UnstableEmployment
1638,308,,,,,,,,Y,LowCIBIL
1791,308,,,,,,,,Y,HighDebt
2119,308,,,,,,,,Y,UnstableEmployment
1193,309,,,,,,,,Y,UnstableEmployment
2158,309,,,,,,,,Y,LowSalary
2287,309,,,,,,,,Y,LowSalary
217,310,,,,,,,,Y,LowSalary
1541,311,,,,,,,,Y,LowSalary
1712,311,,,,,,,,Y,UnstableEmployment
137,312,Platinum,300000,3,24-10-202300:00:00,20745,Fuel,Paid,N,
346,312,Platinum,300000,3,01-05-202300:00:00,36453,Fuel,Paid,N,
566,312,Gold,100000,2,30-12-202300:00:00,23869,Travel,Paid,N,
121,313,,,,,,,,Y,LowCIBIL
231,313,,,,,,,,Y,LowSalary
1435,315,Platinum,300000,3,23-07-202300:00:00,15693,Travel,Paid,N,
2151,315,Gold,100000,2,10-02-202300:00:00,26257,Electronics,Paid,N,
732,316,Platinum,300000,3,12-09-202300:00:00,35308,Electronics,Paid,N,
988,316,Platinum,300000,3,03-03-202300:00:00,30837,Groceries,Paid,N,
2090,316,Gold,100000,2,23-04-202300:00:00,29832,Electronics,Paid,N,
942,317,,,,,,,,Y,LowCIBIL
1753,317,,,,,,,,Y,UnstableEmployment
2283,317,,,,,,,,Y,HighDebt
457,318,Gold,100000,2,29-12-202300:00:00,42931,Groceries,Paid,N,
458,318,Gold,100000,2,18-06-202300:00:00,29419,Travel,Paid,N,
518,318,Gold,100000,2,06-10-202300:00:00,49132,Electronics,Paid,N,
1116,319,,,,,,,,Y,UnstableEmployment
187,320,Gold,100000,2,12-04-202300:00:00,27804,Groceries,Paid,N,
405,320,Gold,100000,2,18-10-202300:00:00,31266,Fuel,Paid,N,
828,320,Gold,100000,2,16-04-202300:00:00,24707,Fuel,Paid,N,
911,321,Gold,100000,2,12-03-202300:00:00,23597,Electronics,Paid,N,
1166,321,Silver,50000,1,21-05-202300:00:00,10600,Travel,Default,N,
1350,321,Silver,50000,1,31-12-202300:00:00,32963,Electronics,Paid,N,
1467,322,,,,,,,,Y,HighDebt
258,323,,,,,,,,Y,HighDebt
929,325,Gold,100000,2,19-10-202300:00:00,42575,Electronics,Paid,N,
2276,325,Platinum,300000,3,07-05-202300:00:00,32433,Dining,Paid,N,
982,326,,,,,,,,Y,UnstableEmployment
489,327,Gold,100000,2,29-11-202300:00:00,12567,Dining,Paid,N,
805,327,Platinum,300000,3,21-11-202300:00:00,32129,Electronics,Paid,N,
1826,327,Platinum,300000,3,20-05-202300:00:00,6472,Travel,Paid,N,
158,328,Gold,100000,2,29-04-202300:00:00,30786,Electronics,Paid,N,
1095,328,Gold,100000,2,12-10-202300:00:00,9233,Electronics,Paid,N,
804,329,Gold,100000,2,01-04-202300:00:00,33505,Electronics,Paid,N,
1311,329,Gold,100000,2,27-03-202300:00:00,38790,Fuel,Paid,N,
1602,329,Gold,100000,2,03-10-202300:00:00,39743,Electronics,Paid,N,
1825,329,Gold,100000,2,22-05-202300:00:00,21323,Fuel,Paid,N,
446,330,Platinum,300000,3,01-02-202300:00:00,41945,Electronics,Paid,N,
1983,330,Gold,100000,2,31-10-202300:00:00,9690,Travel,Paid,N,
199,331,Gold,100000,2,14-02-202300:00:00,15016,Dining,Paid,N,
890,331,Platinum,300000,3,23-10-202300:00:00,26998,Travel,Paid,N,
1297,331,Gold,100000,2,17-11-202300:00:00,5398,Fuel,Paid,N,
1772,331,Platinum,300000,3,04-02-202300:00:00,8360,Electronics,Paid,N,
259,332,Gold,100000,2,26-07-202300:00:00,6707,Fuel,Paid,N,
1664,332,Gold,100000,2,31-07-202300:00:00,21859,Electronics,Paid,N,
302,333,,,,,,,,Y,LowSalary
426,333,,,,,,,,Y,LowCIBIL
1630,333,,,,,,,,Y,HighDebt
1981,333,,,,,,,,Y,LowSalary
1859,334,,,,,,,,Y,LowSalary
2011,334,,,,,,,,Y,LowCIBIL
330,335,Platinum,300000,3,09-03-202300:00:00,36275,Fuel,Paid,N,
175,336,Gold,100000,2,22-06-202300:00:00,33430,Electronics,Paid,N,
1862,336,Platinum,300000,3,01-02-202300:00:00,29695,Groceries,Paid,N,
1208,337,Platinum,300000,3,15-11-202300:00:00,14885,Dining,Paid,N,
389,338,Platinum,300000,3,07-12-202300:00:00,16120,Electronics,Paid,N,
668,338,Signature,600000,4,21-10-202300:00:00,27828,Groceries,Paid,N,
1775,338,Signature,600000,4,23-12-202300:00:00,38827,Travel,Paid,N,
2269,338,Signature,600000,4,01-05-202300:00:00,19962,Electronics,Paid,N,
837,339,,,,,,,,Y,UnstableEmployment
1569,339,,,,,,,,Y,LowSalary
1037,340,Gold,100000,2,24-06-202300:00:00,15832,Travel,Paid,N,
1305,340,Platinum,300000,3,13-11-202300:00:00,8110,Fuel,Paid,N,
1766,340,Gold,100000,2,02-08-202300:00:00,44295,Travel,Default,N,
2085,340,Platinum,300000,3,29-05-202300:00:00,22422,Fuel,Paid,N,
283,341,,,,,,,,Y,UnstableEmployment
801,341,,,,,,,,Y,UnstableEmployment
107,342,Platinum,300000,3,15-05-202300:00:00,44039,Travel,Paid,N,
456,342,Platinum,300000,3,14-03-202300:00:00,23880,Dining,Paid,N,
1821,342,Signature,600000,4,22-02-202300:00:00,41143,Fuel,Paid,N,
973,344,Gold,100000,2,12-07-202300:00:00,13173,Dining,Paid,N,
1750,344,Gold,100000,2,16-03-202300:00:00,25476,Travel,Paid,N,
1927,344,Platinum,300000,3,20-02-202300:00:00,4282,Dining,Paid,N,
1984,344,Gold,100000,2,14-03-202300:00:00,27223,Electronics,Paid,N,
202,345,Gold,100000,2,16-06-202300:00:00,8459,Travel,Paid,N,
1139,345,Platinum,300000,3,22-05-202300:00:00,41236,Dining,Paid,N,
1658,345,Gold,100000,2,26-01-202300:00:00,15091,Fuel,Paid,N,
2233,345,Platinum,300000,3,08-12-202300:00:00,20687,Dining,Paid,N,
1178,346,,,,,,,,Y,UnstableEmployment
58,347,Platinum,300000,3,28-04-202300:00:00,7935,Fuel,Paid,N,
1833,347,Signature,600000,4,15-01-202300:00:00,6019,Electronics,Paid,N,
2088,347,Platinum,300000,3,21-01-202300:00:00,12888,Travel,Paid,N,
398,348,Platinum,300000,3,15-03-202300:00:00,47000,Fuel,Default,N,
1805,348,Platinum,300000,3,26-03-202300:00:00,44238,Fuel,Paid,N,
1971,348,Gold,100000,2,22-01-202300:00:00,6493,Electronics,Paid,N,
10,349,,,,,,,,Y,HighDebt
279,349,,,,,,,,Y,HighDebt
1815,349,,,,,,,,Y,UnstableEmployment
1180,351,Platinum,300000,3,07-04-202300:00:00,39006,Travel,Paid,N,
1567,351,Platinum,300000,3,13-09-202300:00:00,17543,Dining,Paid,N,
1915,352,Gold,100000,2,01-11-202300:00:00,36128,Travel,Paid,N,
689,353,,,,,,,,Y,LowSalary
1507,353,,,,,,,,Y,LowSalary
1543,353,,,,,,,,Y,HighDebt
1667,353,,,,,,,,Y,LowSalary
127,354,,,,,,,,Y,HighDebt
412,354,,,,,,,,Y,UnstableEmployment
824,354,,,,,,,,Y,LowSalary
567,355,,,,,,,,Y,HighDebt
636,355,,,,,,,,Y,UnstableEmployment
699,355,,,,,,,,Y,LowCIBIL
1226,355,,,,,,,,Y,UnstableEmployment
190,356,Signature,600000,4,05-02-202300:00:00,22840,Fuel,Paid,N,
1454,356,Signature,600000,4,10-04-202300:00:00,25431,Electronics,Paid,N,
2065,356,Signature,600000,4,27-11-202300:00:00,38598,Groceries,Paid,N,
254,357,Signature,600000,4,10-12-202300:00:00,48497,Groceries,Paid,N,
847,357,Signature,600000,4,13-11-202300:00:00,3645,Travel,Paid,N,
870,357,Platinum,300000,3,02-03-202300:00:00,21900,Travel,Paid,N,
1649,357,Signature,600000,4,03-03-202300:00:00,831,Travel,Paid,N,
2147,357,Signature,600000,4,13-03-202300:00:00,38543,Electronics,Paid,N,
485,358,,,,,,,,Y,LowSalary
2219,358,,,,,,,,Y,LowSalary
178,359,,,,,,,,Y,LowCIBIL
1788,359,,,,,,,,Y,LowCIBIL
433,360,Platinum,300000,3,16-03-202300:00:00,21337,Dining,Paid,N,
1509,360,Platinum,300000,3,29-11-202300:00:00,6296,Fuel,Paid,N,
1935,360,Platinum,300000,3,09-05-202300:00:00,24366,Travel,Paid,N,
2102,360,Signature,600000,4,15-10-202300:00:00,27972,Groceries,Paid,N,
212,361,Platinum,300000,3,09-05-202300:00:00,10867,Travel,Paid,N,
391,361,Gold,100000,2,19-04-202300:00:00,21250,Travel,Paid,N,
440,361,Gold,100000,2,20-08-202300:00:00,13416,Groceries,Paid,N,
594,362,,,,,,,,Y,LowSalary
1388,362,,,,,,,,Y,HighDebt
1450,362,,,,,,,,Y,UnstableEmployment
66,363,,,,,,,,Y,UnstableEmployment
1008,363,,,,,,,,Y,LowCIBIL
1780,363,,,,,,,,Y,LowCIBIL
22,364,Gold,100000,2,26-12-202300:00:00,12967,Groceries,Paid,N,
204,364,Platinum,300000,3,02-11-202300:00:00,32432,Dining,Paid,N,
1246,364,Platinum,300000,3,11-07-202300:00:00,9993,Groceries,Paid,N,
1511,364,Platinum,300000,3,07-09-202300:00:00,47718,Electronics,Paid,N,
1697,364,Platinum,300000,3,14-09-202300:00:00,48434,Dining,Paid,N,
775,365,,,,,,,,Y,UnstableEmployment
992,365,,,,,,,,Y,UnstableEmployment
1473,365,,,,,,,,Y,LowCIBIL
508,366,Gold,100000,2,03-12-202300:00:00,12946,Groceries,Paid,N,
1344,366,Gold,100000,2,01-05-202300:00:00,4175,Groceries,Paid,N,
2091,366,Gold,100000,2,08-11-202300:00:00,47237,Travel,Paid,N,
2131,366,Gold,100000,2,04-07-202300:00:00,1269,Electronics,Default,N,
368,367,Platinum,300000,3,09-01-202300:00:00,34237,Travel,Paid,N,
1198,367,Signature,600000,4,21-01-202300:00:00,39962,Fuel,Paid,N,
318,368,,,,,,,,Y,HighDebt
1355,368,,,,,,,,Y,HighDebt
1374,368,,,,,,,,Y,LowSalary
1447,369,,,,,,,,Y,LowCIBIL
1506,369,,,,,,,,Y,HighDebt
1635,369,,,,,,,,Y,UnstableEmployment
798,370,Platinum,300000,3,17-11-202300:00:00,49752,Electronics,Paid,N,
1073,370,Gold,100000,2,31-05-202300:00:00,11262,Fuel,Paid,N,
195,371,,,,,,,,Y,UnstableEmployment
537,371,,,,,,,,Y,UnstableEmployment
1395,371,,,,,,,,Y,LowSalary
2278,372,Platinum,300000,3,07-06-202300:00:00,47450,Groceries,Paid,N,
1240,373,,,,,,,,Y,LowSalary
2235,373,,,,,,,,Y,UnstableEmployment
469,374,Gold,100000,2,09-11-202300:00:00,49233,Dining,Paid,N,
807,374,Gold,100000,2,13-04-202300:00:00,22102,Fuel,Paid,N,
2252,374,Platinum,300000,3,19-03-202300:00:00,34260,Dining,Paid,N,
599,375,,,,,,,,Y,LowSalary
930,375,,,,,,,,Y,LowCIBIL
1384,375,,,,,,,,Y,LowSalary
1539,375,,,,,,,,Y,UnstableEmployment
1665,375,,,,,,,,Y,HighDebt
2047,375,,,,,,,,Y,UnstableEmployment
2171,376,,,,,,,,Y,LowCIBIL
472,377,,,,,,,,Y,UnstableEmployment
967,378,Platinum,300000,3,11-04-202300:00:00,6541,Fuel,Paid,N,
96,379,,,,,,,,Y,HighDebt
1871,379,,,,,,,,Y,LowSalary
2079,379,,,,,,,,Y,LowCIBIL
2099,379,,,,,,,,Y,UnstableEmployment
541,380,,,,,,,,Y,HighDebt
734,380,,,,,,,,Y,HighDebt
1419,380,,,,,,,,Y,LowSalary
1585,381,Gold,100000,2,13-09-202300:00:00,34086,Groceries,Paid,N,
960,382,,,,,,,,Y,LowSalary
2081,382,,,,,,,,Y,UnstableEmployment
2100,382,,,,,,,,Y,LowSalary
2139,382,,,,,,,,Y,UnstableEmployment
750,383,Gold,100000,2,08-12-202300:00:00,20683,Fuel,Paid,N,
2129,383,Gold,100000,2,25-03-202300:00:00,36351,Fuel,Paid,N,
304,384,Signature,600000,4,29-09-202300:00:00,44178,Electronics,Paid,N,
385,384,Platinum,300000,3,31-08-202300:00:00,2783,Groceries,Paid,N,
692,384,Signature,600000,4,13-07-202300:00:00,35364,Electronics,Paid,N,
882,385,Platinum,300000,3,17-02-202300:00:00,37284,Electronics,Default,N,
1939,385,Gold,100000,2,23-12-202300:00:00,49537,Travel,Paid,N,
402,386,,,,,,,,Y,UnstableEmployment
1383,386,,,,,,,,Y,UnstableEmployment
1386,386,,,,,,,,Y,LowCIBIL
1682,386,,,,,,,,Y,LowSalary
1460,387,Platinum,300000,3,23-06-202300:00:00,3186,Electronics,Paid,N,
1059,388,,,,,,,,Y,HighDebt
77,389,,,,,,,,Y,LowSalary
1599,389,,,,,,,,Y,LowCIBIL
1922,389,,,,,,,,Y,UnstableEmployment
19,390,,,,,,,,Y,HighDebt
295,390,,,,,,,,Y,HighDebt
2221,390,,,,,,,,Y,LowSalary
379,391,Platinum,300000,3,06-11-202300:00:00,44877,Electronics,Paid,N,
1308,391,Gold,100000,2,04-10-202300:00:00,16291,Dining,Paid,N,
1330,391,Platinum,300000,3,16-01-202300:00:00,46390,Electronics,Paid,N,
1019,392,Platinum,300000,3,06-09-202300:00:00,18529,Dining,Paid,N,
1944,392,Platinum,300000,3,31-01-202300:00:00,4013,Dining,Paid,N,
286,393,,,,,,,,Y,LowCIBIL
666,393,,,,,,,,Y,LowCIBIL
852,393,,,,,,,,Y,UnstableEmployment
1015,393,,,,,,,,Y,LowCIBIL
317,394,Signature,600000,4,15-07-202300:00:00,11442,Fuel,Paid,N,
1889,394,Signature,600000,4,06-08-202300:00:00,32908,Fuel,Paid,N,
1412,395,Gold,100000,2,14-04-202300:00:00,25845,Fuel,Paid,N,
1574,395,Platinum,300000,3,18-01-202300:00:00,43116,Travel,Paid,N,
1622,395,Gold,100000,2,03-12-202300:00:00,13737,Travel,Paid,N,
2179,395,Platinum,300000,3,09-06-202300:00:00,26969,Electronics,Paid,N,
288,396,Gold,100000,2,19-01-202300:00:00,48791,Travel,Paid,N,
602,396,Platinum,300000,3,24-05-202300:00:00,21515,Fuel,Paid,N,
1125,396,Gold,100000,2,20-10-202300:00:00,32326,Travel,Paid,N,
1282,397,,,,,,,,Y,UnstableEmployment
1733,397,,,,,,,,Y,LowSalary
1818,397,,,,,,,,Y,LowSalary
720,398,Platinum,300000,3,19-06-202300:00:00,39467,Groceries,Paid,N,
1021,398,Signature,600000,4,13-06-202300:00:00,47160,Fuel,Paid,N,
1379,398,Signature,600000,4,24-01-202300:00:00,48099,Groceries,Paid,N,
1685,398,Signature,600000,4,04-12-202300:00:00,24019,Dining,Paid,N,
78,400,,,,,,,,Y,HighDebt
2230,400,,,,,,,,Y,HighDebt
1049,401,,,,,,,,Y,LowSalary
2060,401,,,,,,,,Y,LowCIBIL
1366,402,Platinum,300000,3,29-10-202300:00:00,33623,Dining,Paid,N,
593,403,Platinum,300000,3,21-04-202300:00:00,46217,Fuel,Paid,N,
1740,403,Platinum,300000,3,13-01-202300:00:00,25508,Travel,Paid,N,
1947,403,Gold,100000,2,25-02-202300:00:00,44640,Travel,Paid,N,
605,404,,,,,,,,Y,HighDebt
1875,404,,,,,,,,Y,HighDebt
2095,404,,,,,,,,Y,LowCIBIL
1662,405,,,,,,,,Y,LowCIBIL
32,406,Signature,600000,4,13-03-202300:00:00,12958,Travel,Paid,N,
430,406,Signature,600000,4,24-04-202300:00:00,28977,Dining,Paid,N,
487,406,Signature,600000,4,11-02-202300:00:00,24643,Dining,Paid,N,
840,406,Platinum,300000,3,12-04-202300:00:00,38399,Electronics,Paid,N,
1793,406,Platinum,300000,3,10-04-202300:00:00,9620,Dining,Paid,N,
2183,406,Signature,600000,4,13-12-202300:00:00,10430,Groceries,Paid,N,
730,407,Silver,50000,1,25-05-202300:00:00,18967,Electronics,Paid,N,
773,407,Gold,100000,2,20-05-202300:00:00,1808,Electronics,Default,N,
1369,407,Gold,100000,2,06-12-202300:00:00,29310,Travel,Paid,N,
543,408,,,,,,,,Y,HighDebt
1481,408,,,,,,,,Y,LowCIBIL
1499,408,,,,,,,,Y,LowSalary
34,409,Platinum,300000,3,12-03-202300:00:00,43981,Fuel,Paid,N,
582,409,Gold,100000,2,21-09-202300:00:00,13893,Fuel,Paid,N,
1659,409,Platinum,300000,3,14-09-202300:00:00,32211,Electronics,Paid,N,
146,410,Gold,100000,2,19-12-202300:00:00,10089,Groceries,Paid,N,
600,411,,,,,,,,Y,LowSalary
1849,411,,,,,,,,Y,UnstableEmployment
1455,414,Gold,100000,2,28-07-202300:00:00,44960,Fuel,Paid,N,
2083,415,Platinum,300000,3,23-08-202300:00:00,27067,Dining,Paid,N,
2190,415,Platinum,300000,3,17-03-202300:00:00,1055,Electronics,Paid,N,
1404,416,Gold,100000,2,05-12-202300:00:00,39107,Dining,Paid,N,
1451,416,Gold,100000,2,27-12-202300:00:00,17439,Groceries,Paid,N,
2256,416,Gold,100000,2,09-04-202300:00:00,31547,Groceries,Paid,N,
75,417,,,,,,,,Y,UnstableEmployment
646,417,,,,,,,,Y,UnstableEmployment
986,417,,,,,,,,Y,LowSalary
2264,417,,,,,,,,Y,HighDebt
269,418,,,,,,,,Y,LowSalary
452,419,Platinum,300000,3,27-01-202300:00:00,13158,Dining,Paid,N,
859,419,Platinum,300000,3,16-08-202300:00:00,31228,Electronics,Paid,N,
1428,419,Platinum,300000,3,07-08-202300:00:00,16163,Fuel,Paid,N,
970,420,,,,,,,,Y,LowSalary
67,421,,,,,,,,Y,UnstableEmployment
915,422,,,,,,,,Y,UnstableEmployment
1221,422,,,,,,,,Y,UnstableEmployment
1508,422,,,,,,,,Y,LowSalary
1932,422,,,,,,,,Y,LowSalary
2068,422,,,,,,,,Y,HighDebt
2140,422,,,,,,,,Y,HighDebt
747,423,,,,,,,,Y,LowCIBIL
977,423,,,,,,,,Y,HighDebt
1337,423,,,,,,,,Y,LowCIBIL
1553,423,,,,,,,,Y,LowCIBIL
1631,423,,,,,,,,Y,UnstableEmployment
1722,423,,,,,,,,Y,LowCIBIL
262,424,,,,,,,,Y,LowSalary
710,424,,,,,,,,Y,HighDebt
735,424,,,,,,,,Y,LowSalary
789,424,,,,,,,,Y,UnstableEmployment
1433,424,,,,,,,,Y,UnstableEmployment
1521,424,,,,,,,,Y,LowCIBIL
1711,424,,,,,,,,Y,UnstableEmployment
349,425,,,,,,,,Y,LowSalary
486,425,,,,,,,,Y,LowSalary
1397,425,,,,,,,,Y,HighDebt
1786,425,,,,,,,,Y,UnstableEmployment
162,426,Gold,100000,2,04-08-202300:00:00,16494,Electronics,Paid,N,
384,426,Gold,100000,2,10-06-202300:00:00,2802,Dining,Paid,N,
580,426,Platinum,300000,3,24-06-202300:00:00,33832,Fuel,Paid,N,
675,426,Platinum,300000,3,07-12-202300:00:00,9818,Travel,Paid,N,
1303,426,Platinum,300000,3,24-04-202300:00:00,11371,Travel,Default,N,
616,427,,,,,,,,Y,HighDebt
719,427,,,,,,,,Y,LowCIBIL
651,428,Gold,100000,2,19-01-202300:00:00,35268,Electronics,Paid,N,
1703,428,Gold,100000,2,07-08-202300:00:00,16067,Dining,Paid,N,
2121,428,Gold,100000,2,19-12-202300:00:00,37759,Travel,Paid,N,
622,429,Gold,100000,2,15-04-202300:00:00,23850,Electronics,Paid,N,
1147,429,Platinum,300000,3,19-01-202300:00:00,13016,Fuel,Paid,N,
1263,429,Gold,100000,2,25-06-202300:00:00,46280,Dining,Paid,N,
7,430,,,,,,,,Y,LowCIBIL
90,430,,,,,,,,Y,HighDebt
348,430,,,,,,,,Y,LowCIBIL
1016,430,,,,,,,,Y,LowCIBIL
1752,430,,,,,,,,Y,HighDebt
1515,432,Platinum,300000,3,06-02-202300:00:00,8623,Groceries,Paid,N,
1900,432,Platinum,300000,3,31-05-202300:00:00,6585,Dining,Paid,N,
2258,433,Gold,100000,2,20-05-202300:00:00,31282,Travel,Paid,N,
495,434,,,,,,,,Y,LowSalary
935,434,,,,,,,,Y,UnstableEmployment
1132,434,,,,,,,,Y,UnstableEmployment
698,435,Platinum,300000,3,07-05-202300:00:00,17059,Electronics,Paid,N,
2173,435,Gold,100000,2,28-07-202300:00:00,40718,Groceries,Paid,N,
211,436,,,,,,,,Y,HighDebt
866,436,,,,,,,,Y,LowSalary
1423,436,,,,,,,,Y,LowCIBIL
1886,436,,,,,,,,Y,LowCIBIL
374,437,,,,,,,,Y,LowSalary
1206,437,,,,,,,,Y,LowSalary
1835,437,,,,,,,,Y,UnstableEmployment
1727,438,Platinum,300000,3,08-11-202300:00:00,9715,Electronics,Paid,N,
1779,438,Platinum,300000,3,22-10-202300:00:00,3013,Fuel,Paid,N,
2222,439,Platinum,300000,3,30-07-202300:00:00,46230,Dining,Paid,N,
382,441,,,,,,,,Y,UnstableEmployment
786,442,Platinum,300000,3,20-09-202300:00:00,30383,Electronics,Paid,N,
1068,442,Gold,100000,2,11-08-202300:00:00,44223,Travel,Paid,N,
2210,442,Gold,100000,2,19-07-202300:00:00,43464,Electronics,Paid,N,
776,443,,,,,,,,Y,LowCIBIL
565,444,Silver,50000,1,23-09-202300:00:00,16458,Travel,Paid,N,
1323,444,Gold,100000,2,11-12-202300:00:00,46951,Groceries,Default,N,
2245,444,Gold,100000,2,25-07-202300:00:00,39720,Dining,Paid,N,
300,445,Platinum,300000,3,27-12-202300:00:00,35926,Groceries,Paid,N,
2028,445,Platinum,300000,3,30-10-202300:00:00,11992,Travel,Paid,N,
197,446,Silver,50000,1,30-11-202300:00:00,20330,Dining,Paid,N,
1440,446,Silver,50000,1,24-04-202300:00:00,29932,Dining,Default,N,
1536,446,Gold,100000,2,04-09-202300:00:00,45064,Fuel,Paid,N,
2005,446,Gold,100000,2,21-08-202300:00:00,29559,Groceries,Paid,N,
128,447,Silver,50000,1,23-10-202300:00:00,20290,Travel,Paid,N,
2014,447,Silver,50000,1,09-11-202300:00:00,36239,Electronics,Paid,N,
428,448,Silver,50000,1,29-10-202300:00:00,47277,Electronics,Paid,N,
523,448,Gold,100000,2,17-07-202300:00:00,3820,Dining,Paid,N,
57,449,Platinum,300000,3,26-04-202300:00:00,44200,Groceries,Paid,N,
245,449,Gold,100000,2,10-08-202300:00:00,34285,Dining,Paid,N,
831,449,Platinum,300000,3,03-06-202300:00:00,21119,Groceries,Paid,N,
1058,449,Platinum,300000,3,31-07-202300:00:00,49964,Electronics,Paid,N,
243,450,Platinum,300000,3,05-06-202300:00:00,38000,Electronics,Paid,N,
451,450,Platinum,300000,3,25-05-202300:00:00,8891,Electronics,Paid,N,
1444,450,Platinum,300000,3,03-12-202300:00:00,40797,Fuel,Paid,N,
1726,450,Signature,600000,4,23-08-202300:00:00,28374,Travel,Paid,N,
1987,450,Platinum,300000,3,21-01-202300:00:00,13386,Travel,Paid,N,
2291,450,Signature,600000,4,26-11-202300:00:00,10177,Electronics,Paid,N,
1081,451,Platinum,300000,3,18-05-202300:00:00,34215,Fuel,Paid,N,
1392,451,Gold,100000,2,21-09-202300:00:00,44162,Dining,Paid,N,
1735,451,Platinum,300000,3,27-05-202300:00:00,48360,Electronics,Paid,N,
2172,451,Gold,100000,2,01-07-202300:00:00,28409,Electronics,Paid,N,
2273,451,Platinum,300000,3,29-10-202300:00:00,3483,Groceries,Paid,N,
2078,452,,,,,,,,Y,HighDebt
313,453,,,,,,,,Y,HighDebt
1113,453,,,,,,,,Y,LowCIBIL
1538,453,,,,,,,,Y,HighDebt
1949,453,,,,,,,,Y,HighDebt
229,454,,,,,,,,Y,HighDebt
2207,454,,,,,,,,Y,UnstableEmployment
301,455,Gold,100000,2,15-01-202300:00:00,28438,Groceries,Paid,N,
542,455,Gold,100000,2,29-09-202300:00:00,26320,Dining,Paid,N,
784,456,,,,,,,,Y,HighDebt
530,458,,,,,,,,Y,LowSalary
667,458,,,,,,,,Y,HighDebt
704,458,,,,,,,,Y,LowSalary
208,459,Platinum,300000,3,24-04-202300:00:00,3885,Electronics,Paid,N,
1636,459,Signature,600000,4,18-01-202300:00:00,4043,Dining,Default,N,
8,460,Gold,100000,2,04-01-202300:00:00,39172,Travel,Paid,N,
436,460,Gold,100000,2,18-11-202300:00:00,5051,Dining,Paid,N,
813,460,Gold,100000,2,01-10-202300:00:00,10695,Fuel,Paid,N,
1705,460,Silver,50000,1,12-03-202300:00:00,29340,Fuel,Paid,N,
445,461,,,,,,,,Y,LowCIBIL
721,461,,,,,,,,Y,HighDebt
869,461,,,,,,,,Y,HighDebt
1504,461,,,,,,,,Y,HighDebt
1675,461,,,,,,,,Y,UnstableEmployment
2205,461,,,,,,,,Y,HighDebt
200,462,,,,,,,,Y,LowCIBIL
236,462,,,,,,,,Y,UnstableEmployment
1322,462,,,,,,,,Y,UnstableEmployment
1731,463,Platinum,300000,3,22-01-202300:00:00,22544,Travel,Paid,N,
1264,464,Platinum,300000,3,05-11-202300:00:00,23260,Fuel,Paid,N,
1866,464,Signature,600000,4,23-10-202300:00:00,28900,Electronics,Paid,N,
2032,464,Signature,600000,4,13-10-202300:00:00,33829,Groceries,Paid,N,
20,465,,,,,,,,Y,HighDebt
403,465,,,,,,,,Y,HighDebt
941,465,,,,,,,,Y,LowSalary
1410,465,,,,,,,,Y,LowSalary
1741,465,,,,,,,,Y,LowCIBIL
1843,465,,,,,,,,Y,UnstableEmployment
2298,465,,,,,,,,Y,LowSalary
257,466,,,,,,,,Y,LowSalary
337,466,,,,,,,,Y,HighDebt
1742,466,,,,,,,,Y,LowSalary
1887,466,,,,,,,,Y,UnstableEmployment
144,467,,,,,,,,Y,UnstableEmployment
284,467,,,,,,,,Y,HighDebt
1769,467,,,,,,,,Y,HighDebt
149,468,Platinum,300000,3,08-12-202300:00:00,8145,Fuel,Paid,N,
685,468,Platinum,300000,3,11-12-202300:00:00,15150,Dining,Paid,N,
895,468,Platinum,300000,3,08-08-202300:00:00,46429,Travel,Paid,N,
1203,468,Signature,600000,4,26-01-202300:00:00,34660,Groceries,Paid,N,
1978,468,Platinum,300000,3,02-02-202300:00:00,43442,Groceries,Paid,N,
93,469,Platinum,300000,3,07-02-202300:00:00,12475,Groceries,Paid,N,
800,469,Gold,100000,2,04-01-202300:00:00,22759,Electronics,Paid,N,
1484,469,Gold,100000,2,24-08-202300:00:00,43576,Dining,Paid,N,
94,470,Platinum,300000,3,20-04-202300:00:00,41022,Fuel,Paid,N,
978,470,Platinum,300000,3,16-09-202300:00:00,45222,Travel,Paid,N,
2020,470,Signature,600000,4,25-06-202300:00:00,28795,Travel,Paid,N,
627,471,Gold,100000,2,13-12-202300:00:00,5577,Dining,Paid,N,
1134,471,Gold,100000,2,04-06-202300:00:00,12954,Fuel,Paid,N,
1234,471,Gold,100000,2,18-08-202300:00:00,6713,Groceries,Paid,N,
741,472,,,,,,,,Y,LowCIBIL
1575,472,,,,,,,,Y,LowSalary
271,473,,,,,,,,Y,LowSalary
473,473,,,,,,,,Y,HighDebt
24,474,,,,,,,,Y,UnstableEmployment
444,474,,,,,,,,Y,LowSalary
838,474,,,,,,,,Y,LowCIBIL
1354,474,,,,,,,,Y,UnstableEmployment
1797,474,,,,,,,,Y,UnstableEmployment
1157,475,,,,,,,,Y,LowSalary
1568,475,,,,,,,,Y,LowSalary
670,477,Gold,100000,2,18-12-202300:00:00,18206,Fuel,Paid,N,
1785,477,Silver,50000,1,17-04-202300:00:00,8410,Fuel,Paid,N,
731,478,,,,,,,,Y,HighDebt
1295,478,,,,,,,,Y,LowCIBIL
1941,479,Gold,100000,2,22-05-202300:00:00,15067,Electronics,Paid,N,
334,480,Gold,100000,2,26-04-202300:00:00,36092,Electronics,Paid,N,
656,480,Platinum,300000,3,27-02-202300:00:00,1794,Dining,Paid,N,
1617,480,Gold,100000,2,01-08-202300:00:00,49498,Dining,Paid,N,
1544,481,Platinum,300000,3,09-09-202300:00:00,26488,Electronics,Paid,N,
1898,481,Signature,600000,4,29-08-202300:00:00,27079,Fuel,Paid,N,
2157,481,Platinum,300000,3,23-01-202300:00:00,42899,Groceries,Paid,N,
1158,482,Gold,100000,2,26-10-202300:00:00,37887,Fuel,Paid,N,
1572,482,Gold,100000,2,09-05-202300:00:00,10252,Electronics,Paid,N,
1840,482,Gold,100000,2,15-03-202300:00:00,45412,Fuel,Paid,N,
2030,482,Gold,100000,2,21-07-202300:00:00,15857,Electronics,Paid,N,
342,483,Platinum,300000,3,15-10-202300:00:00,729,Dining,Paid,N,
1077,483,Signature,600000,4,16-05-202300:00:00,2647,Groceries,Paid,N,
1489,483,Signature,600000,4,13-09-202300:00:00,5688,Electronics,Paid,N,
1976,483,Platinum,300000,3,29-11-202300:00:00,38289,Travel,Paid,N,
275,484,Gold,100000,2,16-03-202300:00:00,38590,Electronics,Paid,N,
63,485,,,,,,,,Y,LowCIBIL
183,485,,,,,,,,Y,LowSalary
210,485,,,,,,,,Y,HighDebt
1243,485,,,,,,,,Y,HighDebt
1577,485,,,,,,,,Y,UnstableEmployment
1128,486,Gold,100000,2,04-11-202300:00:00,43920,Groceries,Paid,N,
1923,486,Platinum,300000,3,11-08-202300:00:00,15885,Groceries,Paid,N,
1306,487,Platinum,300000,3,27-06-202300:00:00,44345,Electronics,Paid,N,
1845,487,Platinum,300000,3,25-08-202300:00:00,34298,Travel,Paid,N,
1878,487,Platinum,300000,3,16-07-202300:00:00,15993,Dining,Paid,N,
2243,487,Signature,600000,4,09-02-202300:00:00,19049,Dining,Paid,N,
830,488,,,,,,,,Y,LowSalary
1503,488,,,,,,,,Y,LowSalary
164,489,Platinum,300000,3,02-06-202300:00:00,46879,Electronics,Paid,N,
647,489,Platinum,300000,3,28-05-202300:00:00,29147,Dining,Paid,N,
665,489,Signature,600000,4,04-01-202300:00:00,47358,Dining,Paid,N,
1170,489,Signature,600000,4,01-10-202300:00:00,29304,Travel,Default,N,
909,490,,,,,,,,Y,LowSalary
1036,490,,,,,,,,Y,LowSalary
373,491,,,,,,,,Y,UnstableEmployment
725,491,,,,,,,,Y,LowCIBIL
1074,492,,,,,,,,Y,LowCIBIL
1272,492,,,,,,,,Y,UnstableEmployment
76,493,Gold,100000,2,31-01-202300:00:00,10609,Travel,Paid,N,
751,495,,,,,,,,Y,UnstableEmployment
825,495,,,,,,,,Y,LowSalary
829,495,,,,,,,,Y,HighDebt
1913,497,,,,,,,,Y,LowCIBIL
167,498,Silver,50000,1,09-12-202300:00:00,39636,Electronics,Paid,N,
1610,498,Silver,50000,1,20-10-202300:00:00,2517,Electronics,Default,N,
2070,498,Gold,100000,2,18-10-202300:00:00,17993,Travel,Paid,N,
1343,499,,,,,,,,Y,HighDebt
1356,499,,,,,,,,Y,LowSalary
1389,499,,,,,,,,Y,UnstableEmployment
1965,499,,,,,,,,Y,LowSalary
203,500,,,,,,,,Y,LowCIBIL
884,500,,,,,,,,Y,HighDebt
1164,500,,,,,,,,Y,HighDebt
1220,500,,,,,,,,Y,LowSalary
48,501,,,,,,,,Y,LowSalary
1121,501,,,,,,,,Y,UnstableEmployment
1975,501,,,,,,,,Y,LowSalary
881,502,Silver,50000,1,18-05-202300:00:00,38828,Electronics,Paid,N,
375,503,,,,,,,,Y,UnstableEmployment
774,503,,,,,,,,Y,LowCIBIL
1299,503,,,,,,,,Y,HighDebt
1479,503,,,,,,,,Y,LowCIBIL
2096,503,,,,,,,,Y,HighDebt
2201,503,,,,,,,,Y,HighDebt
2274,503,,,,,,,,Y,HighDebt
224,504,Gold,100000,2,18-12-202300:00:00,40149,Groceries,Paid,N,
1720,504,Platinum,300000,3,09-04-202300:00:00,21039,Travel,Paid,N,
1248,505,,,,,,,,Y,LowCIBIL
1782,505,,,,,,,,Y,LowCIBIL
2124,505,,,,,,,,Y,LowSalary
35,506,,,,,,,,Y,LowSalary
1566,506,,,,,,,,Y,LowCIBIL
2115,506,,,,,,,,Y,UnstableEmployment
2178,506,,,,,,,,Y,LowSalary
889,507,,,,,,,,Y,HighDebt
951,509,Platinum,300000,3,29-01-202300:00:00,24340,Electronics,Paid,N,
1007,509,Gold,100000,2,07-08-202300:00:00,43859,Travel,Paid,N,
1199,509,Gold,100000,2,04-09-202300:00:00,19860,Dining,Paid,N,
2268,509,Gold,100000,2,04-03-202300:00:00,29909,Dining,Paid,N,
575,510,,,,,,,,Y,HighDebt
273,511,Platinum,300000,3,20-05-202300:00:00,14253,Electronics,Paid,N,
591,511,Platinum,300000,3,07-06-202300:00:00,2751,Electronics,Paid,N,
1013,511,Platinum,300000,3,03-09-202300:00:00,8512,Groceries,Paid,N,
2196,511,Gold,100000,2,15-07-202300:00:00,5932,Fuel,Paid,N,
546,512,Platinum,300000,3,02-03-202300:00:00,45178,Dining,Paid,N,
740,512,Platinum,300000,3,08-09-202300:00:00,2100,Electronics,Paid,N,
928,512,Gold,100000,2,07-01-202300:00:00,37204,Dining,Paid,N,
1970,512,Platinum,300000,3,09-01-202300:00:00,9607,Groceries,Paid,N,
609,513,Gold,100000,2,12-03-202300:00:00,23604,Dining,Default,N,
771,513,Platinum,300000,3,12-08-202300:00:00,2082,Travel,Default,N,
1692,513,Platinum,300000,3,31-12-202300:00:00,9495,Groceries,Paid,N,
623,514,,,,,,,,Y,UnstableEmployment
1368,514,,,,,,,,Y,LowSalary
1391,514,,,,,,,,Y,LowCIBIL
83,515,,,,,,,,Y,LowCIBIL
289,515,,,,,,,,Y,HighDebt
475,515,,,,,,,,Y,UnstableEmployment
961,515,,,,,,,,Y,LowSalary
1090,515,,,,,,,,Y,LowCIBIL
1176,516,Signature,600000,4,24-01-202300:00:00,44943,Dining,Paid,N,
1271,516,Signature,600000,4,30-06-202300:00:00,2024,Fuel,Paid,N,
1457,516,Signature,600000,4,01-03-202300:00:00,1540,Fuel,Paid,N,
2143,516,Platinum,300000,3,14-10-202300:00:00,38867,Fuel,Paid,N,
1262,517,,,,,,,,Y,UnstableEmployment
2244,517,,,,,,,,Y,HighDebt
104,518,,,,,,,,Y,UnstableEmployment
1229,518,,,,,,,,Y,UnstableEmployment
1907,518,,,,,,,,Y,LowSalary
934,519,Platinum,300000,3,14-09-202300:00:00,7765,Electronics,Paid,N,
2296,519,Gold,100000,2,05-11-202300:00:00,12407,Fuel,Paid,N,
132,520,Platinum,300000,3,17-06-202300:00:00,28824,Electronics,Paid,N,
466,520,Gold,100000,2,13-11-202300:00:00,44833,Travel,Paid,N,
1150,520,Platinum,300000,3,03-12-202300:00:00,9058,Fuel,Paid,N,
461,521,Platinum,300000,3,08-06-202300:00:00,2811,Travel,Default,N,
1239,521,Gold,100000,2,22-08-202300:00:00,20890,Dining,Paid,N,
608,522,,,,,,,,Y,UnstableEmployment
139,524,Platinum,300000,3,28-03-202300:00:00,24290,Groceries,Paid,N,
851,524,Platinum,300000,3,12-03-202300:00:00,13600,Fuel,Paid,N,
863,524,Gold,100000,2,18-05-202300:00:00,40549,Fuel,Paid,N,
993,526,Gold,100000,2,14-05-202300:00:00,24809,Travel,Paid,N,
61,527,Gold,100000,2,06-09-202300:00:00,23380,Travel,Paid,N,
1310,527,Platinum,300000,3,01-06-202300:00:00,35812,Travel,Paid,N,
611,528,Gold,100000,2,10-11-202300:00:00,39284,Dining,Paid,N,
663,528,Platinum,300000,3,09-12-202300:00:00,37333,Groceries,Paid,N,
883,528,Platinum,300000,3,08-07-202300:00:00,24223,Electronics,Paid,N,
2008,528,Gold,100000,2,01-05-202300:00:00,33326,Electronics,Paid,N,
2046,528,Platinum,300000,3,26-02-202300:00:00,27999,Electronics,Paid,N,
1387,529,,,,,,,,Y,UnstableEmployment
1464,529,,,,,,,,Y,LowSalary
1142,530,,,,,,,,Y,LowCIBIL
1385,530,,,,,,,,Y,HighDebt
1225,532,Gold,100000,2,08-05-202300:00:00,13775,Electronics,Paid,N,
1621,532,Gold,100000,2,29-04-202300:00:00,5292,Fuel,Paid,N,
1732,532,Platinum,300000,3,21-01-202300:00:00,12426,Fuel,Paid,N,
1427,533,Silver,50000,1,16-04-202300:00:00,15628,Dining,Paid,N,
1930,533,Gold,100000,2,03-04-202300:00:00,24594,Dining,Paid,N,
1520,534,,,,,,,,Y,UnstableEmployment
1576,534,,,,,,,,Y,LowCIBIL
1702,534,,,,,,,,Y,LowCIBIL
1730,534,,,,,,,,Y,LowSalary
1418,535,,,,,,,,Y,UnstableEmployment
2251,535,,,,,,,,Y,LowCIBIL
2267,535,,,,,,,,Y,HighDebt
1607,536,Gold,100000,2,08-03-202300:00:00,31480,Travel,Paid,N,
1994,536,Platinum,300000,3,31-03-202300:00:00,17822,Fuel,Paid,N,
429,537,,,,,,,,Y,LowSalary
505,537,,,,,,,,Y,HighDebt
744,537,,,,,,,,Y,LowSalary
1526,537,,,,,,,,Y,LowSalary
1933,538,,,,,,,,Y,LowSalary
291,539,Gold,100000,2,15-03-202300:00:00,37701,Electronics,Default,N,
560,539,Gold,100000,2,22-10-202300:00:00,14696,Groceries,Paid,N,
677,539,Gold,100000,2,05-07-202300:00:00,44509,Groceries,Paid,N,
1301,539,Silver,50000,1,24-09-202300:00:00,19062,Groceries,Paid,N,
1612,539,Gold,100000,2,24-04-202300:00:00,8457,Fuel,Default,N,
415,540,Signature,600000,4,22-07-202300:00:00,9579,Fuel,Paid,N,
2056,540,Platinum,300000,3,30-09-202300:00:00,794,Fuel,Paid,N,
39,542,Platinum,300000,3,06-01-202300:00:00,8918,Groceries,Paid,N,
2167,542,Gold,100000,2,25-05-202300:00:00,38731,Travel,Paid,N,
975,543,Platinum,300000,3,31-01-202300:00:00,21559,Travel,Paid,N,
1694,543,Signature,600000,4,21-07-202300:00:00,29156,Travel,Paid,N,
2041,544,,,,,,,,Y,LowSalary
1690,545,,,,,,,,Y,LowSalary
614,546,Platinum,300000,3,03-06-202300:00:00,29799,Electronics,Paid,N,
1312,547,Gold,100000,2,18-04-202300:00:00,2870,Travel,Paid,N,
1629,547,Platinum,300000,3,11-06-202300:00:00,34706,Fuel,Paid,N,
1324,548,,,,,,,,Y,LowSalary
2285,548,,,,,,,,Y,LowCIBIL
500,549,Platinum,300000,3,22-10-202300:00:00,37977,Travel,Paid,N,
754,549,Signature,600000,4,24-12-202300:00:00,38759,Electronics,Default,N,
987,549,Signature,600000,4,17-04-202300:00:00,11050,Electronics,Paid,N,
1088,549,Signature,600000,4,01-05-202300:00:00,41134,Electronics,Paid,N,
1729,550,,,,,,,,Y,LowSalary
696,551,Platinum,300000,3,25-04-202300:00:00,12301,Groceries,Paid,N,
1336,551,Gold,100000,2,26-06-202300:00:00,7249,Travel,Paid,N,
2007,551,Gold,100000,2,15-01-202300:00:00,48421,Electronics,Paid,N,
166,552,Silver,50000,1,20-05-202300:00:00,25162,Electronics,Paid,N,
2227,552,Gold,100000,2,03-12-202300:00:00,11118,Electronics,Paid,N,
62,553,Platinum,300000,3,20-10-202300:00:00,3907,Fuel,Paid,N,
2051,553,Platinum,300000,3,25-10-202300:00:00,42394,Travel,Paid,N,
2082,553,Platinum,300000,3,04-03-202300:00:00,42743,Groceries,Paid,N,
1483,554,Gold,100000,2,21-07-202300:00:00,20113,Travel,Paid,N,
1948,554,Platinum,300000,3,26-11-202300:00:00,39090,Groceries,Paid,N,
1957,554,Gold,100000,2,19-12-202300:00:00,31507,Electronics,Default,N,
690,555,Silver,50000,1,05-02-202300:00:00,29430,Electronics,Paid,N,
1598,555,Gold,100000,2,23-11-202300:00:00,42774,Fuel,Paid,N,
1706,555,Silver,50000,1,08-06-202300:00:00,24331,Fuel,Paid,N,
161,556,,,,,,,,Y,UnstableEmployment
1032,556,,,,,,,,Y,HighDebt
2202,556,,,,,,,,Y,HighDebt
766,557,Gold,100000,2,11-06-202300:00:00,47191,Groceries,Paid,N,
1365,557,Platinum,300000,3,18-03-202300:00:00,3670,Dining,Paid,N,
1595,557,Platinum,300000,3,28-08-202300:00:00,34188,Dining,Paid,N,
1756,557,Gold,100000,2,10-09-202300:00:00,33220,Travel,Paid,N,
353,558,,,,,,,,Y,HighDebt
1382,558,,,,,,,,Y,LowCIBIL
1855,558,,,,,,,,Y,LowCIBIL
110,559,Silver,50000,1,26-10-202300:00:00,22949,Fuel,Paid,N,
808,559,Silver,50000,1,09-10-202300:00:00,20909,Groceries,Paid,N,
865,560,,,,,,,,Y,LowCIBIL
1060,560,,,,,,,,Y,UnstableEmployment
1066,561,Platinum,300000,3,11-11-202300:00:00,7341,Electronics,Paid,N,
1191,561,Signature,600000,4,20-03-202300:00:00,10469,Travel,Paid,N,
1931,561,Platinum,300000,3,04-02-202300:00:00,49611,Groceries,Paid,N,
136,562,,,,,,,,Y,LowSalary
1547,562,,,,,,,,Y,HighDebt
1679,562,,,,,,,,Y,UnstableEmployment
54,563,Gold,100000,2,07-11-202300:00:00,34304,Electronics,Paid,N,
266,563,Gold,100000,2,13-08-202300:00:00,35687,Electronics,Paid,N,
1628,564,Platinum,300000,3,03-12-202300:00:00,11207,Travel,Paid,N,
15,566,,,,,,,,Y,HighDebt
1096,566,,,,,,,,Y,HighDebt
1284,566,,,,,,,,Y,LowSalary
1888,566,,,,,,,,Y,UnstableEmployment
737,567,,,,,,,,Y,UnstableEmployment
1257,567,,,,,,,,Y,UnstableEmployment
1986,567,,,,,,,,Y,LowCIBIL
1494,569,,,,,,,,Y,UnstableEmployment
1800,569,,,,,,,,Y,LowSalary
205,570,Gold,100000,2,08-04-202300:00:00,31054,Groceries,Paid,N,
388,570,Gold,100000,2,15-10-202300:00:00,43067,Fuel,Paid,N,
713,570,Platinum,300000,3,26-06-202300:00:00,11237,Electronics,Paid,N,
1293,570,Platinum,300000,3,27-10-202300:00:00,38421,Dining,Paid,N,
1848,570,Gold,100000,2,30-09-202300:00:00,46573,Electronics,Paid,N,
1237,571,Gold,100000,2,06-11-202300:00:00,38137,Fuel,Paid,N,
607,572,Platinum,300000,3,12-04-202300:00:00,10083,Fuel,Paid,N,
629,572,Platinum,300000,3,02-06-202300:00:00,6111,Dining,Paid,N,
1590,572,Platinum,300000,3,13-08-202300:00:00,32134,Travel,Paid,N,
150,573,,,,,,,,Y,HighDebt
421,573,,,,,,,,Y,HighDebt
1549,575,Platinum,300000,3,25-03-202300:00:00,34208,Electronics,Paid,N,
1663,575,Gold,100000,2,17-05-202300:00:00,1227,Electronics,Paid,N,
2050,575,Gold,100000,2,21-06-202300:00:00,45366,Travel,Paid,N,
639,576,,,,,,,,Y,HighDebt
858,576,,,,,,,,Y,UnstableEmployment
1498,576,,,,,,,,Y,LowSalary
736,577,Platinum,300000,3,09-01-202300:00:00,2349,Dining,Paid,N,
819,577,Signature,600000,4,19-06-202300:00:00,17638,Electronics,Paid,N,
184,578,Gold,100000,2,12-05-202300:00:00,27473,Dining,Paid,N,
678,578,Gold,100000,2,08-10-202300:00:00,43685,Fuel,Paid,N,
966,578,Platinum,300000,3,05-05-202300:00:00,12561,Electronics,Paid,N,
1652,579,Gold,100000,2,24-12-202300:00:00,22604,Travel,Paid,N,
305,580,,,,,,,,Y,LowCIBIL
891,580,,,,,,,,Y,UnstableEmployment
1020,580,,,,,,,,Y,HighDebt
1372,580,,,,,,,,Y,LowCIBIL
2250,580,,,,,,,,Y,LowSalary
30,581,,,,,,,,Y,HighDebt
538,581,,,,,,,,Y,LowSalary
1348,581,,,,,,,,Y,HighDebt
1854,581,,,,,,,,Y,HighDebt
1031,582,Gold,100000,2,07-04-202300:00:00,43468,Electronics,Paid,N,
2228,582,Platinum,300000,3,23-12-202300:00:00,37061,Electronics,Paid,N,
2212,583,,,,,,,,Y,UnstableEmployment
601,584,Gold,100000,2,28-05-202300:00:00,32346,Groceries,Paid,N,
1623,584,Gold,100000,2,13-10-202300:00:00,16751,Electronics,Paid,N,
1868,584,Platinum,300000,3,11-08-202300:00:00,41374,Dining,Paid,N,
503,585,,,,,,,,Y,UnstableEmployment
1641,585,,,,,,,,Y,LowCIBIL
792,586,,,,,,,,Y,LowCIBIL
1402,587,,,,,,,,Y,LowCIBIL
2231,587,,,,,,,,Y,LowSalary
221,588,Platinum,300000,3,14-08-202300:00:00,21450,Dining,Paid,N,
634,588,Platinum,300000,3,22-07-202300:00:00,36160,Dining,Paid,N,
953,588,Gold,100000,2,18-09-202300:00:00,35429,Groceries,Paid,N,
1832,588,Gold,100000,2,09-06-202300:00:00,1358,Fuel,Paid,N,
2029,588,Gold,100000,2,23-01-202300:00:00,36613,Groceries,Paid,N,
1478,589,,,,,,,,Y,HighDebt
806,590,Gold,100000,2,24-05-202300:00:00,24110,Electronics,Paid,N,
250,591,,,,,,,,Y,LowSalary
589,592,,,,,,,,Y,HighDebt
618,592,,,,,,,,Y,LowCIBIL
1426,592,,,,,,,,Y,LowSalary
1918,592,,,,,,,,Y,HighDebt
2023,592,,,,,,,,Y,LowCIBIL
88,593,,,,,,,,Y,LowSalary
687,593,,,,,,,,Y,LowSalary
281,594,,,,,,,,Y,UnstableEmployment
327,594,,,,,,,,Y,HighDebt
126,595,Platinum,300000,3,02-11-202300:00:00,18759,Electronics,Default,N,
822,595,Gold,100000,2,20-07-202300:00:00,46702,Electronics,Paid,N,
1486,595,Gold,100000,2,10-11-202300:00:00,21246,Dining,Paid,N,
885,596,Silver,50000,1,17-02-202300:00:00,1219,Electronics,Paid,N,
1001,597,Platinum,300000,3,08-02-202300:00:00,16863,Groceries,Paid,N,
1100,597,Gold,100000,2,16-10-202300:00:00,21804,Groceries,Paid,N,
308,598,,,,,,,,Y,LowCIBIL
2092,598,,,,,,,,Y,LowCIBIL
82,599,,,,,,,,Y,UnstableEmployment
339,599,,,,,,,,Y,UnstableEmployment
1136,599,,,,,,,,Y,LowSalary
360,601,Platinum,300000,3,30-04-202300:00:00,15673,Dining,Paid,N,
1042,601,Platinum,300000,3,15-06-202300:00:00,18674,Travel,Paid,N,
248,602,,,,,,,,Y,LowSalary
314,602,,,,,,,,Y,HighDebt
932,602,,,,,,,,Y,LowSalary
1098,602,,,,,,,,Y,UnstableEmployment
2229,603,Gold,100000,2,13-07-202300:00:00,7873,Fuel,Paid,N,
1185,604,,,,,,,,Y,LowCIBIL
1422,604,,,,,,,,Y,LowSalary
1215,605,,,,,,,,Y,UnstableEmployment
2217,605,,,,,,,,Y,LowSalary
439,606,,,,,,,,Y,LowSalary
2025,606,,,,,,,,Y,UnstableEmployment
188,607,Gold,100000,2,04-06-202300:00:00,36803,Fuel,Paid,N,
841,607,Platinum,300000,3,27-12-202300:00:00,31062,Travel,Paid,N,
2009,607,Platinum,300000,3,13-12-202300:00:00,30797,Dining,Paid,N,
2224,607,Gold,100000,2,03-02-202300:00:00,48208,Dining,Paid,N,
2242,607,Platinum,300000,3,18-10-202300:00:00,42077,Fuel,Paid,N,
371,608,Platinum,300000,3,24-04-202300:00:00,6320,Fuel,Paid,N,
443,609,,,,,,,,Y,UnstableEmployment
703,609,,,,,,,,Y,LowSalary
799,609,,,,,,,,Y,LowCIBIL
815,609,,,,,,,,Y,LowSalary
1188,609,,,,,,,,Y,LowSalary
242,610,,,,,,,,Y,HighDebt
38,611,Platinum,300000,3,02-11-202300:00:00,10082,Electronics,Paid,N,
228,611,Platinum,300000,3,14-07-202300:00:00,33491,Electronics,Paid,N,
1637,611,Platinum,300000,3,04-06-202300:00:00,44635,Groceries,Paid,N,
1716,611,Platinum,300000,3,14-01-202300:00:00,29687,Dining,Paid,N,
467,612,Platinum,300000,3,03-04-202300:00:00,43538,Fuel,Paid,N,
788,612,Platinum,300000,3,07-01-202300:00:00,38460,Dining,Paid,N,
846,612,Platinum,300000,3,28-10-202300:00:00,43539,Groceries,Paid,N,
875,612,Gold,100000,2,27-12-202300:00:00,15170,Dining,Paid,N,
2148,612,Platinum,300000,3,05-06-202300:00:00,21633,Groceries,Paid,N,
1425,613,Platinum,300000,3,03-01-202300:00:00,12531,Groceries,Paid,N,
1861,613,Gold,100000,2,02-11-202300:00:00,43505,Electronics,Paid,N,
2125,614,Platinum,300000,3,17-10-202300:00:00,29783,Electronics,Paid,N,
2136,614,Gold,100000,2,11-06-202300:00:00,25482,Dining,Paid,N,
1408,616,Gold,100000,2,04-04-202300:00:00,10803,Fuel,Paid,N,
1758,616,Gold,100000,2,08-10-202300:00:00,5200,Dining,Paid,N,
6,617,Gold,100000,2,29-11-202300:00:00,46222,Fuel,Paid,N,
527,617,Gold,100000,2,14-06-202300:00:00,27072,Groceries,Paid,N,
2161,617,Gold,100000,2,13-04-202300:00:00,44513,Travel,Paid,N,
529,618,Platinum,300000,3,16-08-202300:00:00,39326,Dining,Paid,N,
723,618,Gold,100000,2,07-04-202300:00:00,38499,Fuel,Paid,N,
1417,618,Gold,100000,2,14-12-202300:00:00,40667,Electronics,Paid,N,
2097,618,Gold,100000,2,04-07-202300:00:00,21491,Electronics,Paid,N,
246,619,,,,,,,,Y,HighDebt
1390,619,,,,,,,,Y,LowSalary
539,620,,,,,,,,Y,LowCIBIL
1518,620,,,,,,,,Y,UnstableEmployment
1704,620,,,,,,,,Y,HighDebt
321,621,Platinum,300000,3,27-05-202300:00:00,12661,Travel,Paid,N,
1195,621,Gold,100000,2,23-02-202300:00:00,9489,Fuel,Paid,N,
1415,621,Gold,100000,2,11-11-202300:00:00,30005,Fuel,Paid,N,
1806,621,Platinum,300000,3,01-03-202300:00:00,29497,Dining,Paid,N,
322,622,,,,,,,,Y,HighDebt
1328,622,,,,,,,,Y,LowSalary
1130,623,,,,,,,,Y,HighDebt
23,624,Gold,100000,2,06-05-202300:00:00,41525,Travel,Paid,N,
232,625,Gold,100000,2,17-04-202300:00:00,39565,Travel,Paid,N,
343,625,Gold,100000,2,22-11-202300:00:00,49042,Electronics,Paid,N,
628,625,Platinum,300000,3,07-05-202300:00:00,46515,Dining,Paid,N,
914,625,Gold,100000,2,20-04-202300:00:00,28108,Travel,Paid,N,
1783,625,Gold,100000,2,10-04-202300:00:00,15281,Groceries,Paid,N,
1895,625,Gold,100000,2,19-11-202300:00:00,48537,Groceries,Paid,N,
1768,626,,,,,,,,Y,LowCIBIL
559,627,Platinum,300000,3,23-07-202300:00:00,32316,Electronics,Paid,N,
1219,627,Platinum,300000,3,08-03-202300:00:00,35214,Electronics,Paid,N,
1776,627,Platinum,300000,3,19-11-202300:00:00,40000,Fuel,Paid,N,
1870,627,Signature,600000,4,31-05-202300:00:00,24035,Groceries,Paid,N,
152,628,Platinum,300000,3,08-10-202300:00:00,45286,Electronics,Paid,N,
1605,628,Platinum,300000,3,25-11-202300:00:00,28753,Dining,Paid,N,
1897,628,Gold,100000,2,01-10-202300:00:00,13046,Groceries,Paid,N,
1438,629,Gold,100000,2,22-11-202300:00:00,8266,Groceries,Paid,N,
1476,629,Gold,100000,2,05-10-202300:00:00,19233,Groceries,Paid,N,
673,630,Gold,100000,2,10-03-202300:00:00,19325,Electronics,Paid,N,
702,630,Gold,100000,2,04-02-202300:00:00,40437,Groceries,Paid,N,
849,630,Gold,100000,2,10-06-202300:00:00,28318,Groceries,Paid,N,
1781,630,Platinum,300000,3,20-11-202300:00:00,8330,Electronics,Paid,N,
198,631,Platinum,300000,3,31-10-202300:00:00,13903,Dining,Paid,N,
1280,631,Gold,100000,2,15-10-202300:00:00,40332,Electronics,Paid,N,
613,632,Platinum,300000,3,17-09-202300:00:00,31336,Fuel,Paid,N,
2215,632,Platinum,300000,3,26-05-202300:00:00,21725,Dining,Paid,N,
298,633,Gold,100000,2,17-12-202300:00:00,25522,Dining,Paid,N,
1528,633,Gold,100000,2,19-07-202300:00:00,42076,Dining,Paid,N,
1558,633,Platinum,300000,3,15-11-202300:00:00,24306,Electronics,Paid,N,
1998,634,Platinum,300000,3,04-10-202300:00:00,20574,Fuel,Paid,N,
2048,634,Gold,100000,2,31-03-202300:00:00,44991,Fuel,Paid,N,
89,635,,,,,,,,Y,LowSalary
1011,635,,,,,,,,Y,LowCIBIL
1759,635,,,,,,,,Y,LowCIBIL
324,636,Platinum,300000,3,04-12-202300:00:00,21189,Travel,Paid,N,
1159,636,Gold,100000,2,10-04-202300:00:00,22075,Fuel,Paid,N,
264,638,,,,,,,,Y,UnstableEmployment
1680,638,,,,,,,,Y,LowCIBIL
1829,638,,,,,,,,Y,LowSalary
131,639,Platinum,300000,3,05-03-202300:00:00,26683,Dining,Paid,N,
294,639,Platinum,300000,3,18-06-202300:00:00,14516,Fuel,Paid,N,
378,640,,,,,,,,Y,HighDebt
1267,640,,,,,,,,Y,HighDebt
2240,640,,,,,,,,Y,LowSalary
2246,640,,,,,,,,Y,UnstableEmployment
265,641,Gold,100000,2,15-04-202300:00:00,12816,Dining,Paid,N,
901,641,Gold,100000,2,30-04-202300:00:00,30045,Electronics,Paid,N,
1551,641,Silver,50000,1,10-11-202300:00:00,30215,Dining,Paid,N,
1699,641,Gold,100000,2,16-01-202300:00:00,40760,Fuel,Paid,N,
155,642,,,,,,,,Y,LowCIBIL
296,642,,,,,,,,Y,UnstableEmployment
712,642,,,,,,,,Y,UnstableEmployment
1174,642,,,,,,,,Y,LowCIBIL
326,643,Platinum,300000,3,14-08-202300:00:00,29663,Groceries,Paid,N,
1796,643,Signature,600000,4,02-10-202300:00:00,14852,Dining,Paid,N,
2063,643,Platinum,300000,3,16-12-202300:00:00,11934,Fuel,Paid,N,
325,644,,,,,,,,Y,LowSalary
2127,644,,,,,,,,Y,UnstableEmployment
145,645,Platinum,300000,3,16-07-202300:00:00,5785,Electronics,Paid,N,
620,645,Signature,600000,4,15-12-202300:00:00,8438,Travel,Paid,N,
1018,646,,,,,,,,Y,LowSalary
513,647,,,,,,,,Y,LowCIBIL
1165,647,,,,,,,,Y,LowCIBIL
1966,648,Platinum,300000,3,13-03-202300:00:00,21299,Groceries,Paid,N,
2016,648,Platinum,300000,3,14-04-202300:00:00,14517,Dining,Paid,N,
939,650,Gold,100000,2,12-08-202300:00:00,16233,Travel,Paid,N,
507,651,Platinum,300000,3,10-05-202300:00:00,5273,Groceries,Paid,N,
854,651,Gold,100000,2,08-09-202300:00:00,20604,Dining,Paid,N,
886,651,Platinum,300000,3,01-10-202300:00:00,574,Electronics,Paid,N,
1120,651,Gold,100000,2,04-05-202300:00:00,41427,Dining,Paid,N,
2237,651,Gold,100000,2,02-10-202300:00:00,2827,Travel,Paid,N,
972,652,,,,,,,,Y,LowSalary
1054,652,,,,,,,,Y,LowSalary
2132,652,,,,,,,,Y,HighDebt
979,653,,,,,,,,Y,UnstableEmployment
1238,653,,,,,,,,Y,HighDebt
1557,653,,,,,,,,Y,UnstableEmployment
310,654,Gold,100000,2,08-12-202300:00:00,40478,Groceries,Paid,N,
643,654,Silver,50000,1,31-07-202300:00:00,34775,Dining,Default,N,
1,655,,,,,,,,Y,LowSalary
315,655,,,,,,,,Y,UnstableEmployment
498,655,,,,,,,,Y,UnstableEmployment
532,655,,,,,,,,Y,LowSalary
574,655,,,,,,,,Y,LowSalary
845,655,,,,,,,,Y,HighDebt
1824,655,,,,,,,,Y,LowCIBIL
1514,656,,,,,,,,Y,HighDebt
124,657,Signature,600000,4,02-10-202300:00:00,37363,Dining,Paid,N,
655,657,Signature,600000,4,10-03-202300:00:00,30083,Fuel,Paid,N,
913,657,Platinum,300000,3,16-10-202300:00:00,37475,Groceries,Paid,N,
1325,657,Platinum,300000,3,27-10-202300:00:00,38847,Groceries,Paid,N,
576,658,Platinum,300000,3,17-12-202300:00:00,25712,Electronics,Paid,N,
1078,658,Platinum,300000,3,15-07-202300:00:00,33883,Dining,Paid,N,
1017,659,,,,,,,,Y,LowCIBIL
1969,659,,,,,,,,Y,HighDebt
921,661,,,,,,,,Y,LowSalary
1341,661,,,,,,,,Y,LowSalary
1588,661,,,,,,,,Y,LowCIBIL
2003,661,,,,,,,,Y,HighDebt
2067,661,,,,,,,,Y,HighDebt
2279,661,,,,,,,,Y,LowSalary
207,662,,,,,,,,Y,UnstableEmployment
448,662,,,,,,,,Y,LowCIBIL
460,662,,,,,,,,Y,UnstableEmployment
1003,662,,,,,,,,Y,UnstableEmployment
1012,663,,,,,,,,Y,HighDebt
1315,663,,,,,,,,Y,LowSalary
191,664,,,,,,,,Y,HighDebt
240,664,,,,,,,,Y,LowCIBIL
272,664,,,,,,,,Y,LowCIBIL
658,664,,,,,,,,Y,HighDebt
834,664,,,,,,,,Y,LowSalary
1962,664,,,,,,,,Y,LowCIBIL
2035,664,,,,,,,,Y,LowSalary
1045,665,,,,,,,,Y,HighDebt
1212,665,,,,,,,,Y,LowCIBIL
1380,665,,,,,,,,Y,HighDebt
179,666,Gold,100000,2,30-11-202300:00:00,28815,Groceries,Paid,N,
544,666,Platinum,300000,3,28-02-202300:00:00,7197,Groceries,Paid,N,
650,668,Gold,100000,2,20-01-202300:00:00,35331,Travel,Paid,N,
1762,669,,,,,,,,Y,HighDebt
694,670,,,,,,,,Y,HighDebt
138,671,Gold,100000,2,15-08-202300:00:00,47205,Travel,Paid,N,
1103,671,Gold,100000,2,31-08-202300:00:00,40550,Groceries,Paid,N,
1448,671,Silver,50000,1,14-02-202300:00:00,3571,Dining,Paid,N,
1928,671,Gold,100000,2,12-12-202300:00:00,23841,Travel,Paid,N,
637,672,,,,,,,,Y,HighDebt
902,672,,,,,,,,Y,LowSalary
1140,672,,,,,,,,Y,HighDebt
1442,672,,,,,,,,Y,HighDebt
1615,672,,,,,,,,Y,UnstableEmployment
2069,672,,,,,,,,Y,HighDebt
392,673,Platinum,300000,3,25-02-202300:00:00,33390,Dining,Paid,N,
1904,673,Platinum,300000,3,16-11-202300:00:00,24618,Groceries,Paid,N,
1937,673,Gold,100000,2,23-11-202300:00:00,43219,Groceries,Paid,N,
261,674,,,,,,,,Y,UnstableEmployment
399,674,,,,,,,,Y,UnstableEmployment
817,674,,,,,,,,Y,HighDebt
1261,674,,,,,,,,Y,HighDebt
1611,674,,,,,,,,Y,UnstableEmployment
1255,675,Silver,50000,1,03-01-202300:00:00,42405,Fuel,Paid,N,
1911,675,Gold,100000,2,31-03-202300:00:00,34489,Dining,Paid,N,
2261,675,Silver,50000,1,22-01-202300:00:00,5282,Electronics,Paid,N,
1347,676,Platinum,300000,3,20-03-202300:00:00,38911,Fuel,Paid,N,
1409,676,Platinum,300000,3,18-12-202300:00:00,17638,Dining,Paid,N,
2213,676,Platinum,300000,3,22-03-202300:00:00,49301,Fuel,Paid,N,
1144,677,,,,,,,,Y,HighDebt
1396,677,,,,,,,,Y,LowCIBIL
1865,677,,,,,,,,Y,LowCIBIL
2199,677,,,,,,,,Y,UnstableEmployment
80,678,Signature,600000,4,01-06-202300:00:00,35432,Travel,Paid,N,
409,678,Signature,600000,4,15-08-202300:00:00,1024,Electronics,Paid,N,
1189,678,Platinum,300000,3,11-01-202300:00:00,2270,Groceries,Paid,N,
1194,678,Platinum,300000,3,19-05-202300:00:00,12904,Fuel,Paid,N,
171,679,Platinum,300000,3,08-08-202300:00:00,17705,Travel,Paid,N,
626,679,Signature,600000,4,10-06-202300:00:00,5835,Travel,Paid,N,
100,680,,,,,,,,Y,LowSalary
1304,680,,,,,,,,Y,HighDebt
1532,680,,,,,,,,Y,HighDebt
134,681,,,,,,,,Y,UnstableEmployment
899,681,,,,,,,,Y,LowCIBIL
2086,683,,,,,,,,Y,LowCIBIL
552,684,,,,,,,,Y,HighDebt
1765,684,,,,,,,,Y,HighDebt
642,686,,,,,,,,Y,LowCIBIL
1224,686,,,,,,,,Y,HighDebt
459,687,,,,,,,,Y,LowSalary
2162,687,,,,,,,,Y,HighDebt
1340,688,Gold,100000,2,09-10-202300:00:00,21108,Electronics,Paid,N,
2247,688,Gold,100000,2,18-11-202300:00:00,8142,Fuel,Paid,N,
2265,688,Gold,100000,2,13-03-202300:00:00,40728,Travel,Paid,N,
338,689,,,,,,,,Y,HighDebt
1269,689,,,,,,,,Y,LowCIBIL
69,690,Gold,100000,2,23-06-202300:00:00,33440,Groceries,Paid,N,
811,690,Platinum,300000,3,05-06-202300:00:00,35810,Travel,Paid,N,
1466,690,Platinum,300000,3,02-04-202300:00:00,16959,Electronics,Paid,N,
1273,691,,,,,,,,Y,HighDebt
1626,691,,,,,,,,Y,UnstableEmployment
87,692,Silver,50000,1,19-10-202300:00:00,37213,Travel,Paid,N,
395,692,Silver,50000,1,03-12-202300:00:00,4227,Dining,Paid,N,
1834,692,Silver,50000,1,28-01-202300:00:00,24269,Groceries,Paid,N,
1173,693,,,,,,,,Y,LowSalary
135,694,Platinum,300000,3,04-06-202300:00:00,38676,Electronics,Paid,N,
770,694,Signature,600000,4,13-03-202300:00:00,47194,Groceries,Paid,N,
835,694,Platinum,300000,3,05-05-202300:00:00,25345,Fuel,Paid,N,
1463,694,Platinum,300000,3,31-07-202300:00:00,2279,Dining,Paid,N,
414,695,,,,,,,,Y,UnstableEmployment
2089,695,,,,,,,,Y,LowSalary
540,696,,,,,,,,Y,UnstableEmployment
2197,696,,,,,,,,Y,HighDebt
562,697,,,,,,,,Y,HighDebt
603,697,,,,,,,,Y,LowSalary
681,697,,,,,,,,Y,LowCIBIL
777,697,,,,,,,,Y,UnstableEmployment
1431,697,,,,,,,,Y,UnstableEmployment
2053,697,,,,,,,,Y,UnstableEmployment
1105,698,Platinum,300000,3,19-06-202300:00:00,49115,Travel,Paid,N,
1145,698,Gold,100000,2,02-12-202300:00:00,25030,Electronics,Paid,N,
1461,698,Platinum,300000,3,15-01-202300:00:00,13166,Electronics,Paid,N,
1578,698,Platinum,300000,3,23-03-202300:00:00,9741,Groceries,Paid,N,
40,699,Signature,600000,4,24-06-202300:00:00,28591,Groceries,Paid,N,
893,699,Platinum,300000,3,17-11-202300:00:00,31845,Electronics,Paid,N,
1093,700,Signature,600000,4,18-11-202300:00:00,38255,Travel,Paid,N,
1925,700,Platinum,300000,3,30-09-202300:00:00,31725,Dining,Paid,N,
1696,701,,,,,,,,Y,HighDebt
1896,701,,,,,,,,Y,HighDebt
1982,701,,,,,,,,Y,LowCIBIL
26,702,,,,,,,,Y,HighDebt
793,702,,,,,,,,Y,UnstableEmployment
1934,702,,,,,,,,Y,UnstableEmployment
1149,703,Platinum,300000,3,10-12-202300:00:00,41044,Dining,Paid,N,
1493,703,Gold,100000,2,19-05-202300:00:00,38325,Travel,Paid,N,
1586,703,Platinum,300000,3,17-11-202300:00:00,5368,Groceries,Paid,N,
1179,704,,,,,,,,Y,LowCIBIL
1268,704,,,,,,,,Y,HighDebt
1584,705,,,,,,,,Y,LowCIBIL
2150,705,,,,,,,,Y,LowCIBIL
896,706,Gold,100000,2,04-06-202300:00:00,35417,Travel,Paid,N,
1485,706,Gold,100000,2,18-04-202300:00:00,17992,Electronics,Default,N,
316,707,Gold,100000,2,04-06-202300:00:00,2486,Travel,Paid,N,
351,707,Gold,100000,2,16-08-202300:00:00,17385,Travel,Paid,N,
631,707,Gold,100000,2,28-06-202300:00:00,41357,Fuel,Paid,N,
672,707,Silver,50000,1,01-06-202300:00:00,22840,Dining,Paid,N,
1190,707,Silver,50000,1,14-07-202300:00:00,12805,Groceries,Paid,N,
1790,707,Gold,100000,2,04-02-202300:00:00,16347,Dining,Paid,N,
2144,707,Silver,50000,1,09-02-202300:00:00,19153,Groceries,Paid,N,
1500,708,,,,,,,,Y,LowCIBIL
2152,708,,,,,,,,Y,LowSalary
2281,708,,,,,,,,Y,LowCIBIL
209,709,Platinum,300000,3,25-10-202300:00:00,34190,Dining,Paid,N,
525,709,Signature,600000,4,23-09-202300:00:00,11250,Dining,Paid,N,
1942,709,Signature,600000,4,07-02-202300:00:00,44951,Dining,Paid,N,
1993,709,Platinum,300000,3,24-11-202300:00:00,29586,Dining,Paid,N,
1995,709,Platinum,300000,3,13-09-202300:00:00,43096,Fuel,Paid,N,
2033,710,Platinum,300000,3,09-03-202300:00:00,20865,Dining,Paid,N,
159,711,,,,,,,,Y,LowCIBIL
908,711,,,,,,,,Y,LowCIBIL
1459,711,,,,,,,,Y,UnstableEmployment
1992,711,,,,,,,,Y,UnstableEmployment
2128,711,,,,,,,,Y,LowSalary
1192,712,,,,,,,,Y,LowSalary
1681,712,,,,,,,,Y,LowSalary
512,713,,,,,,,,Y,UnstableEmployment
133,714,Signature,600000,4,09-04-202300:00:00,25124,Electronics,Paid,N,
715,714,Signature,600000,4,03-06-202300:00:00,25751,Electronics,Paid,N,
1070,714,Signature,600000,4,02-06-202300:00:00,10199,Travel,Paid,N,
2062,714,Platinum,300000,3,15-04-202300:00:00,33149,Fuel,Paid,N,
9,715,,,,,,,,Y,UnstableEmployment
1420,715,,,,,,,,Y,UnstableEmployment
2044,715,,,,,,,,Y,LowCIBIL
319,717,,,,,,,,Y,HighDebt
2275,717,,,,,,,,Y,LowSalary
344,718,Signature,600000,4,01-03-202300:00:00,14845,Travel,Paid,N,
1326,718,Platinum,300000,3,15-09-202300:00:00,21112,Groceries,Paid,N,
1465,718,Signature,600000,4,17-02-202300:00:00,13686,Electronics,Paid,N,
879,719,Gold,100000,2,31-12-202300:00:00,47863,Dining,Paid,N,
1589,719,Gold,100000,2,30-04-202300:00:00,16896,Dining,Paid,N,
238,720,Gold,100000,2,30-04-202300:00:00,18812,Dining,Default,N,
1627,720,Gold,100000,2,27-03-202300:00:00,19752,Travel,Paid,N,
671,721,,,,,,,,Y,HighDebt
903,721,,,,,,,,Y,LowSalary
2039,721,,,,,,,,Y,LowSalary
630,722,,,,,,,,Y,LowCIBIL
1067,722,,,,,,,,Y,LowSalary
1223,722,,,,,,,,Y,LowCIBIL
1831,722,,,,,,,,Y,HighDebt
2049,722,,,,,,,,Y,LowSalary
625,723,Gold,100000,2,15-10-202300:00:00,10046,Dining,Paid,N,
1807,723,Platinum,300000,3,20-05-202300:00:00,42454,Electronics,Paid,N,
160,724,Platinum,300000,3,28-07-202300:00:00,38045,Dining,Paid,N,
1593,724,Signature,600000,4,05-10-202300:00:00,24611,Electronics,Paid,N,
1746,724,Signature,600000,4,13-02-202300:00:00,18060,Fuel,Paid,N,
196,725,,,,,,,,Y,LowCIBIL
450,725,,,,,,,,Y,UnstableEmployment
1747,725,,,,,,,,Y,UnstableEmployment
218,726,Gold,100000,2,28-01-202300:00:00,11289,Fuel,Paid,N,
1148,726,Gold,100000,2,01-01-202400:00:00,47558,Travel,Paid,N,
1938,726,Gold,100000,2,06-11-202300:00:00,31492,Travel,Paid,N,
268,727,Silver,50000,1,08-01-202300:00:00,2393,Fuel,Paid,N,
425,727,Gold,100000,2,27-07-202300:00:00,4249,Groceries,Paid,N,
553,727,Silver,50000,1,29-05-202300:00:00,49934,Dining,Paid,N,
1689,727,Silver,50000,1,06-09-202300:00:00,34818,Fuel,Paid,N,
1270,728,,,,,,,,Y,LowCIBIL
2109,728,,,,,,,,Y,LowCIBIL
555,729,Gold,100000,2,18-09-202300:00:00,1581,Travel,Paid,N,
781,729,Gold,100000,2,12-06-202300:00:00,9293,Dining,Paid,N,
976,729,Platinum,300000,3,29-04-202300:00:00,34828,Fuel,Paid,N,
1443,729,Gold,100000,2,31-03-202300:00:00,37646,Electronics,Paid,N,
1876,729,Platinum,300000,3,11-08-202300:00:00,10003,Fuel,Paid,N,
2075,729,Platinum,300000,3,31-03-202300:00:00,9063,Travel,Paid,N,
950,730,,,,,,,,Y,LowSalary
1131,730,,,,,,,,Y,HighDebt
1718,730,,,,,,,,Y,HighDebt
56,731,Signature,600000,4,10-12-202300:00:00,10524,Dining,Paid,N,
1244,734,Platinum,300000,3,04-12-202300:00:00,4481,Travel,Paid,N,
644,735,,,,,,,,Y,UnstableEmployment
682,735,,,,,,,,Y,UnstableEmployment
1318,735,,,,,,,,Y,HighDebt
2241,735,,,,,,,,Y,LowSalary
501,736,,,,,,,,Y,LowCIBIL
659,736,,,,,,,,Y,LowCIBIL
1613,736,,,,,,,,Y,LowSalary
1744,736,,,,,,,,Y,LowSalary
1196,737,Gold,100000,2,24-02-202300:00:00,36483,Electronics,Paid,N,
959,738,Signature,600000,4,09-02-202300:00:00,31862,Fuel,Paid,N,
1398,738,Platinum,300000,3,03-09-202300:00:00,42287,Electronics,Paid,N,
1728,738,Signature,600000,4,20-10-202300:00:00,39885,Fuel,Paid,N,
1968,738,Platinum,300000,3,02-02-202300:00:00,39227,Fuel,Paid,N,
619,739,Gold,100000,2,29-03-202300:00:00,12892,Fuel,Paid,N,
686,741,Gold,100000,2,02-01-202300:00:00,46618,Travel,Paid,N,
1646,741,Platinum,300000,3,30-03-202300:00:00,711,Electronics,Paid,N,
168,742,,,,,,,,Y,LowCIBIL
724,742,,,,,,,,Y,LowCIBIL
1778,742,,,,,,,,Y,HighDebt
791,743,,,,,,,,Y,LowCIBIL
2169,743,,,,,,,,Y,LowSalary
1453,744,,,,,,,,Y,HighDebt
531,745,Platinum,300000,3,11-08-202300:00:00,24015,Dining,Paid,N,
809,745,Platinum,300000,3,18-04-202300:00:00,11610,Electronics,Paid,N,
1361,745,Gold,100000,2,17-09-202300:00:00,48651,Groceries,Paid,N,
1748,745,Gold,100000,2,14-07-202300:00:00,24840,Groceries,Paid,N,
1902,745,Platinum,300000,3,31-08-202300:00:00,13780,Fuel,Paid,N,
14,748,Platinum,300000,3,13-07-202300:00:00,36085,Groceries,Paid,N,
918,748,Platinum,300000,3,08-08-202300:00:00,15543,Dining,Paid,N,
1894,748,Platinum,300000,3,10-02-202300:00:00,5424,Fuel,Paid,N,
1171,749,Platinum,300000,3,14-06-202300:00:00,36290,Fuel,Paid,N,
1648,749,Platinum,300000,3,29-01-202300:00:00,40295,Dining,Paid,N,
328,750,,,,,,,,Y,LowCIBIL
1065,750,,,,,,,,Y,LowSalary
742,751,Signature,600000,4,07-10-202300:00:00,47219,Electronics,Paid,N,
948,751,Platinum,300000,3,16-01-202300:00:00,43741,Dining,Paid,N,
1816,751,Signature,600000,4,15-03-202300:00:00,1095,Groceries,Paid,N,
1360,752,,,,,,,,Y,LowSalary
1899,752,,,,,,,,Y,HighDebt
1929,752,,,,,,,,Y,LowCIBIL
1292,753,Gold,100000,2,08-08-202300:00:00,1709,Dining,Paid,N,
545,754,,,,,,,,Y,LowCIBIL
867,754,,,,,,,,Y,LowCIBIL
1256,754,,,,,,,,Y,LowSalary
1373,754,,,,,,,,Y,UnstableEmployment
1470,754,,,,,,,,Y,LowCIBIL
117,755,Platinum,300000,3,30-07-202300:00:00,47998,Travel,Paid,N,
2294,755,Platinum,300000,3,20-06-202300:00:00,15589,Electronics,Paid,N,
2194,756,,,,,,,,Y,LowSalary
2297,756,,,,,,,,Y,HighDebt
1857,758,,,,,,,,Y,UnstableEmployment
1974,759,Gold,100000,2,19-01-202300:00:00,28614,Travel,Paid,N,
108,760,Platinum,300000,3,07-08-202300:00:00,43948,Fuel,Paid,N,
1723,761,,,,,,,,Y,LowCIBIL
1798,761,,,,,,,,Y,LowSalary
33,763,Platinum,300000,3,08-08-202300:00:00,29166,Fuel,Paid,N,
1579,763,Gold,100000,2,23-11-202300:00:00,953,Dining,Paid,N,
2149,763,Gold,100000,2,22-12-202300:00:00,39839,Travel,Paid,N,
1053,764,Platinum,300000,3,13-06-202300:00:00,37760,Travel,Paid,N,
1236,764,Platinum,300000,3,31-07-202300:00:00,16105,Groceries,Paid,N,
1713,764,Signature,600000,4,07-04-202300:00:00,21125,Groceries,Paid,N,
401,765,,,,,,,,Y,LowCIBIL
728,765,,,,,,,,Y,UnstableEmployment
1316,765,,,,,,,,Y,LowCIBIL
1624,765,,,,,,,,Y,LowSalary
1921,765,,,,,,,,Y,LowCIBIL
638,766,Platinum,300000,3,03-10-202300:00:00,20502,Dining,Paid,N,
1650,766,Gold,100000,2,20-11-202300:00:00,23744,Electronics,Paid,N,
147,769,Silver,50000,1,23-04-202300:00:00,47976,Travel,Paid,N,
201,769,Gold,100000,2,09-12-202300:00:00,19591,Electronics,Paid,N,
1277,769,Silver,50000,1,16-12-202300:00:00,578,Dining,Paid,N,
1482,769,Silver,50000,1,05-08-202300:00:00,35530,Electronics,Paid,N,
470,771,,,,,,,,Y,UnstableEmployment
1083,771,,,,,,,,Y,LowSalary
1654,771,,,,,,,,Y,LowSalary
2043,771,,,,,,,,Y,HighDebt
520,772,Gold,100000,2,25-01-202300:00:00,22076,Dining,Paid,N,
1279,772,Gold,100000,2,20-08-202300:00:00,25973,Groceries,Paid,N,
2052,772,Gold,100000,2,17-05-202300:00:00,46657,Fuel,Paid,N,
180,773,,,,,,,,Y,LowSalary
2159,773,,,,,,,,Y,LowSalary
2168,773,,,,,,,,Y,LowSalary
36,774,,,,,,,,Y,LowSalary
151,774,,,,,,,,Y,UnstableEmployment
411,774,,,,,,,,Y,LowSalary
1288,774,,,,,,,,Y,LowCIBIL
1432,774,,,,,,,,Y,LowCIBIL
697,775,Gold,100000,2,26-08-202300:00:00,22872,Fuel,Paid,N,
2189,775,Platinum,300000,3,08-12-202300:00:00,19205,Fuel,Paid,N,
1671,776,,,,,,,,Y,LowSalary
1724,776,,,,,,,,Y,LowCIBIL
1864,776,,,,,,,,Y,LowCIBIL
492,778,Platinum,300000,3,03-01-202300:00:00,42008,Groceries,Paid,N,
215,779,,,,,,,,Y,HighDebt
968,779,,,,,,,,Y,LowCIBIL
1961,779,,,,,,,,Y,HighDebt
785,780,Gold,100000,2,14-02-202300:00:00,2120,Travel,Paid,N,
1167,780,Silver,50000,1,23-03-202300:00:00,8356,Electronics,Paid,N,
2174,780,Gold,100000,2,26-02-202300:00:00,11595,Fuel,Paid,N,
676,781,Platinum,300000,3,02-11-202300:00:00,41756,Groceries,Paid,N,
1661,781,Platinum,300000,3,12-04-202300:00:00,49393,Electronics,Paid,N,
2176,781,Signature,600000,4,13-10-202300:00:00,20843,Groceries,Paid,N,
2299,781,Platinum,300000,3,05-04-202300:00:00,6109,Electronics,Paid,N,
251,782,Gold,100000,2,30-11-202300:00:00,24090,Electronics,Paid,N,
481,782,Gold,100000,2,20-09-202300:00:00,21481,Travel,Paid,N,
931,782,Platinum,300000,3,07-02-202300:00:00,37883,Groceries,Paid,N,
1153,782,Gold,100000,2,21-06-202300:00:00,5386,Groceries,Paid,N,
417,783,,,,,,,,Y,HighDebt
598,783,,,,,,,,Y,UnstableEmployment
746,783,,,,,,,,Y,LowSalary
1480,783,,,,,,,,Y,HighDebt
2211,783,,,,,,,,Y,LowSalary
249,784,,,,,,,,Y,HighDebt
1710,784,,,,,,,,Y,HighDebt
2123,784,,,,,,,,Y,HighDebt
2135,784,,,,,,,,Y,LowSalary
2188,784,,,,,,,,Y,HighDebt
2220,784,,,,,,,,Y,HighDebt
52,785,,,,,,,,Y,LowCIBIL
154,785,,,,,,,,Y,UnstableEmployment
463,785,,,,,,,,Y,UnstableEmployment
1604,785,,,,,,,,Y,LowCIBIL
1625,785,,,,,,,,Y,HighDebt
1634,785,,,,,,,,Y,HighDebt
1822,785,,,,,,,,Y,HighDebt
1792,786,Gold,100000,2,20-06-202300:00:00,6149,Dining,Paid,N,
564,787,,,,,,,,Y,LowCIBIL
1749,787,,,,,,,,Y,LowCIBIL
1771,787,,,,,,,,Y,HighDebt
649,788,,,,,,,,Y,LowSalary
1363,788,,,,,,,,Y,LowCIBIL
1751,788,,,,,,,,Y,LowSalary
163,789,Gold,100000,2,22-10-202300:00:00,36003,Electronics,Paid,N,
1668,789,Platinum,300000,3,29-06-202300:00:00,44322,Fuel,Paid,N,
2000,789,Gold,100000,2,10-04-202300:00:00,3935,Groceries,Paid,N,
2073,789,Gold,100000,2,26-05-202300:00:00,4271,Electronics,Paid,N,
509,791,,,,,,,,Y,HighDebt
823,791,,,,,,,,Y,LowCIBIL
18,792,Signature,600000,4,30-04-202300:00:00,32832,Groceries,Paid,N,
635,792,Platinum,300000,3,28-05-202300:00:00,6077,Groceries,Paid,N,
361,793,,,,,,,,Y,LowCIBIL
912,793,,,,,,,,Y,LowCIBIL
1040,793,,,,,,,,Y,LowSalary
1111,793,,,,,,,,Y,HighDebt
1660,793,,,,,,,,Y,LowCIBIL
547,794,Signature,600000,4,20-04-202300:00:00,42525,Fuel,Paid,N,
2154,794,Signature,600000,4,22-01-202300:00:00,38340,Travel,Paid,N,
496,795,,,,,,,,Y,HighDebt
1289,795,,,,,,,,Y,LowCIBIL
1601,795,,,,,,,,Y,LowCIBIL
1943,796,,,,,,,,Y,LowSalary
1951,796,,,,,,,,Y,UnstableEmployment
474,797,,,,,,,,Y,UnstableEmployment
1812,797,,,,,,,,Y,LowCIBIL
431,798,,,,,,,,Y,LowCIBIL
536,798,,,,,,,,Y,HighDebt
790,798,,,,,,,,Y,LowSalary
923,798,,,,,,,,Y,LowSalary
1218,798,,,,,,,,Y,HighDebt
1474,798,,,,,,,,Y,LowSalary
1449,799,,,,,,,,Y,UnstableEmployment
862,800,Platinum,300000,3,11-09-202300:00:00,42512,Fuel,Paid,N,
2093,801,Platinum,300000,3,12-02-202300:00:00,23995,Fuel,Paid,N,
797,802,,,,,,,,Y,LowSalary
945,802,,,,,,,,Y,HighDebt
1912,802,,,,,,,,Y,LowCIBIL
2160,802,,,,,,,,Y,LowSalary
2262,802,,,,,,,,Y,LowSalary
79,803,Platinum,300000,3,23-12-202300:00:00,36154,Fuel,Paid,N,
927,803,Gold,100000,2,27-02-202300:00:00,12225,Travel,Paid,N,
64,804,,,,,,,,Y,UnstableEmployment
1811,804,,,,,,,,Y,LowSalary
1853,804,,,,,,,,Y,UnstableEmployment
2277,804,,,,,,,,Y,LowCIBIL
714,805,,,,,,,,Y,HighDebt
1101,805,,,,,,,,Y,HighDebt
1168,805,,,,,,,,Y,LowSalary
358,806,,,,,,,,Y,LowCIBIL
1302,806,,,,,,,,Y,LowCIBIL
239,807,Gold,100000,2,06-10-202300:00:00,24627,Travel,Paid,N,
652,807,Platinum,300000,3,29-05-202300:00:00,31462,Groceries,Paid,N,
2045,807,Gold,100000,2,21-06-202300:00:00,13182,Groceries,Paid,N,
362,808,,,,,,,,Y,LowSalary
892,808,,,,,,,,Y,HighDebt
1283,808,,,,,,,,Y,HighDebt
1842,808,,,,,,,,Y,HighDebt
2022,809,,,,,,,,Y,LowCIBIL
2071,809,,,,,,,,Y,HighDebt
2260,809,,,,,,,,Y,HighDebt
2292,809,,,,,,,,Y,LowSalary
490,811,,,,,,,,Y,LowCIBIL
516,811,,,,,,,,Y,LowCIBIL
919,811,,,,,,,,Y,LowCIBIL
1044,811,,,,,,,,Y,UnstableEmployment
2117,811,,,,,,,,Y,LowSalary
2300,811,,,,,,,,Y,LowCIBIL
2200,812,Platinum,300000,3,05-12-202300:00:00,44507,Electronics,Paid,N,
2156,813,,,,,,,,Y,LowSalary
606,814,,,,,,,,Y,HighDebt
1618,814,,,,,,,,Y,LowSalary
632,815,,,,,,,,Y,HighDebt
617,816,Gold,100000,2,16-05-202300:00:00,20433,Fuel,Paid,N,
2001,816,Gold,100000,2,31-08-202300:00:00,36469,Electronics,Paid,N,
810,817,Signature,600000,4,05-02-202300:00:00,6573,Electronics,Paid,N,
839,817,Signature,600000,4,06-04-202300:00:00,24810,Electronics,Paid,N,
1795,817,Platinum,300000,3,04-09-202300:00:00,10665,Travel,Paid,N,
365,818,,,,,,,,Y,LowCIBIL
522,819,,,,,,,,Y,HighDebt
1802,819,,,,,,,,Y,HighDebt
1914,819,,,,,,,,Y,LowSalary
2087,819,,,,,,,,Y,UnstableEmployment
116,820,Gold,100000,2,13-01-202300:00:00,49284,Travel,Paid,N,
427,821,Signature,600000,4,05-07-202300:00:00,11853,Groceries,Paid,N,
477,821,Platinum,300000,3,27-01-202300:00:00,26493,Electronics,Paid,N,
526,821,Platinum,300000,3,10-02-202300:00:00,37966,Electronics,Paid,N,
1038,822,,,,,,,,Y,HighDebt
1216,822,,,,,,,,Y,UnstableEmployment
558,823,,,,,,,,Y,LowCIBIL
148,824,Platinum,300000,3,08-05-202300:00:00,14616,Groceries,Paid,N,
311,824,Platinum,300000,3,13-12-202300:00:00,9287,Fuel,Paid,N,
610,824,Platinum,300000,3,18-03-202300:00:00,12724,Fuel,Paid,N,
802,824,Platinum,300000,3,09-08-202300:00:00,21155,Fuel,Paid,N,
1439,824,Gold,100000,2,30-08-202300:00:00,30344,Fuel,Paid,N,
189,825,Gold,100000,2,17-10-202300:00:00,31022,Groceries,Paid,N,
874,825,Gold,100000,2,30-09-202300:00:00,7033,Dining,Paid,N,
130,826,Gold,100000,2,05-02-202300:00:00,20816,Dining,Paid,N,
333,826,Platinum,300000,3,23-06-202300:00:00,9272,Groceries,Paid,N,
718,826,Platinum,300000,3,15-10-202300:00:00,20143,Electronics,Paid,N,
755,826,Gold,100000,2,19-02-202300:00:00,31576,Fuel,Paid,N,
1030,826,Platinum,300000,3,15-01-202300:00:00,4395,Dining,Paid,N,
1496,826,Gold,100000,2,13-09-202300:00:00,9364,Travel,Paid,N,
65,827,Platinum,300000,3,19-02-202300:00:00,33907,Electronics,Paid,N,
949,827,Platinum,300000,3,02-02-202300:00:00,9747,Dining,Paid,N,
1973,827,Platinum,300000,3,02-10-202300:00:00,31305,Travel,Paid,N,
938,828,Platinum,300000,3,20-07-202300:00:00,10616,Fuel,Paid,N,
1092,828,Platinum,300000,3,05-08-202300:00:00,17374,Groceries,Paid,N,
1275,828,Platinum,300000,3,13-01-202300:00:00,49902,Electronics,Paid,N,
1349,828,Signature,600000,4,28-03-202300:00:00,12060,Groceries,Paid,N,
2232,828,Signature,600000,4,12-12-202300:00:00,35781,Travel,Paid,N,
468,829,Gold,100000,2,23-01-202300:00:00,14060,Electronics,Paid,N,
684,829,Gold,100000,2,20-09-202300:00:00,48570,Electronics,Paid,N,
1004,829,Gold,100000,2,19-06-202300:00:00,29218,Groceries,Paid,N,
1051,829,Gold,100000,2,23-02-202300:00:00,37174,Electronics,Paid,N,
2203,829,Gold,100000,2,17-01-202300:00:00,11119,Electronics,Paid,N,
832,830,,,,,,,,Y,LowSalary
2031,830,,,,,,,,Y,LowSalary
226,831,,,,,,,,Y,HighDebt
514,831,,,,,,,,Y,LowCIBIL
1023,831,,,,,,,,Y,HighDebt
1181,832,,,,,,,,Y,UnstableEmployment
1698,832,,,,,,,,Y,LowSalary
2284,832,,,,,,,,Y,LowSalary
1204,833,,,,,,,,Y,LowCIBIL
1362,833,,,,,,,,Y,UnstableEmployment
1945,833,,,,,,,,Y,HighDebt
588,834,,,,,,,,Y,HighDebt
848,834,,,,,,,,Y,HighDebt
873,834,,,,,,,,Y,LowCIBIL
1502,834,,,,,,,,Y,HighDebt
615,836,Gold,100000,2,11-12-202300:00:00,13536,Groceries,Paid,N,
707,836,Platinum,300000,3,11-12-202300:00:00,11194,Dining,Paid,N,
484,837,,,,,,,,Y,UnstableEmployment
906,837,,,,,,,,Y,LowSalary
1241,837,,,,,,,,Y,LowCIBIL
1670,838,Gold,100000,2,11-07-202300:00:00,38363,Travel,Paid,N,
1837,838,Gold,100000,2,10-12-202300:00:00,43248,Fuel,Paid,N,
1087,839,,,,,,,,Y,UnstableEmployment
2145,839,,,,,,,,Y,LowCIBIL
2166,840,,,,,,,,Y,LowSalary
280,841,Platinum,300000,3,02-06-202300:00:00,11732,Fuel,Paid,N,
1115,841,Platinum,300000,3,23-03-202300:00:00,7362,Groceries,Paid,N,
1055,842,Platinum,300000,3,16-05-202300:00:00,42998,Travel,Paid,N,
1249,842,Platinum,300000,3,09-11-202300:00:00,6182,Travel,Paid,N,
1669,842,Platinum,300000,3,14-08-202300:00:00,36511,Groceries,Paid,N,
1817,842,Gold,100000,2,19-01-202300:00:00,30092,Electronics,Paid,N,
1860,842,Platinum,300000,3,27-07-202300:00:00,1947,Groceries,Paid,N,
193,843,,,,,,,,Y,UnstableEmployment
340,843,,,,,,,,Y,HighDebt
2288,843,,,,,,,,Y,LowCIBIL
864,844,Platinum,300000,3,22-01-202300:00:00,3009,Electronics,Paid,N,
1000,844,Platinum,300000,3,19-11-202300:00:00,7219,Groceries,Paid,N,
1114,844,Platinum,300000,3,22-09-202300:00:00,40254,Dining,Paid,N,
1619,844,Platinum,300000,3,06-02-202300:00:00,42688,Dining,Paid,N,
2138,844,Gold,100000,2,23-09-202300:00:00,18756,Dining,Default,N,
260,845,,,,,,,,Y,LowSalary
888,845,,,,,,,,Y,LowCIBIL
1135,845,,,,,,,,Y,UnstableEmployment
572,846,Gold,100000,2,25-11-202300:00:00,566,Fuel,Paid,N,
1632,846,Platinum,300000,3,16-10-202300:00:00,29240,Fuel,Paid,N,
1647,846,Gold,100000,2,03-06-202300:00:00,47077,Groceries,Paid,N,
662,847,,,,,,,,Y,UnstableEmployment
990,847,,,,,,,,Y,LowSalary
1414,847,,,,,,,,Y,LowCIBIL
880,849,Gold,100000,2,13-12-202300:00:00,46309,Electronics,Paid,N,
1550,849,Platinum,300000,3,10-02-202300:00:00,33608,Electronics,Paid,N,
1573,849,Gold,100000,2,01-01-202400:00:00,3957,Travel,Paid,N,
16,850,Gold,100000,2,27-12-202300:00:00,4332,Groceries,Paid,N,
1287,850,Silver,50000,1,27-12-202300:00:00,8917,Dining,Paid,N,
1738,850,Gold,100000,2,14-09-202300:00:00,30274,Groceries,Default,N,
1809,850,Gold,100000,2,04-06-202300:00:00,9304,Travel,Paid,N,
482,851,,,,,,,,Y,UnstableEmployment
511,851,,,,,,,,Y,UnstableEmployment
998,851,,,,,,,,Y,LowCIBIL
1407,851,,,,,,,,Y,UnstableEmployment
2195,851,,,,,,,,Y,LowSalary
442,852,Platinum,300000,3,16-02-202300:00:00,15667,Fuel,Paid,N,
1616,853,,,,,,,,Y,LowSalary
2111,853,,,,,,,,Y,UnstableEmployment
98,854,Gold,100000,2,01-12-202300:00:00,38453,Fuel,Paid,N,
350,854,Gold,100000,2,24-05-202300:00:00,48279,Groceries,Paid,N,
1794,854,Gold,100000,2,03-09-202300:00:00,2451,Electronics,Paid,N,
274,855,,,,,,,,Y,UnstableEmployment
769,855,,,,,,,,Y,UnstableEmployment
1094,855,,,,,,,,Y,HighDebt
2114,855,,,,,,,,Y,HighDebt
1201,856,Gold,100000,2,16-02-202300:00:00,26787,Fuel,Paid,N,
1211,856,Gold,100000,2,02-09-202300:00:00,44747,Electronics,Paid,N,
1314,856,Silver,50000,1,26-12-202300:00:00,20165,Electronics,Paid,N,
1799,856,Gold,100000,2,14-12-202300:00:00,10246,Dining,Paid,N,
1916,858,Platinum,300000,3,31-07-202300:00:00,27349,Electronics,Paid,N,
2026,858,Platinum,300000,3,08-08-202300:00:00,42622,Travel,Paid,N,
772,859,Silver,50000,1,11-11-202300:00:00,14874,Fuel,Paid,N,
1258,859,Gold,100000,2,01-04-202300:00:00,17484,Fuel,Paid,N,
182,860,Platinum,300000,3,03-05-202300:00:00,48117,Travel,Paid,N,
745,860,Platinum,300000,3,09-12-202300:00:00,21286,Groceries,Paid,N,
169,861,,,,,,,,Y,UnstableEmployment
1086,861,,,,,,,,Y,UnstableEmployment
1879,861,,,,,,,,Y,UnstableEmployment
45,862,,,,,,,,Y,LowCIBIL
1358,862,,,,,,,,Y,HighDebt
1960,862,,,,,,,,Y,UnstableEmployment
2280,862,,,,,,,,Y,LowSalary
748,863,,,,,,,,Y,LowCIBIL
27,864,,,,,,,,Y,LowSalary
1298,864,,,,,,,,Y,HighDebt
1570,864,,,,,,,,Y,LowCIBIL
1773,864,,,,,,,,Y,LowSalary
1242,865,Platinum,300000,3,14-11-202300:00:00,10367,Fuel,Paid,N,
1926,865,Platinum,300000,3,30-11-202300:00:00,36521,Dining,Paid,N,
2253,865,Platinum,300000,3,02-02-202300:00:00,38692,Travel,Paid,N,
393,866,Signature,600000,4,23-05-202300:00:00,23683,Fuel,Paid,N,
762,866,Signature,600000,4,19-06-202300:00:00,38277,Fuel,Paid,N,
335,867,Platinum,300000,3,22-07-202300:00:00,1711,Groceries,Paid,N,
568,867,Gold,100000,2,22-11-202300:00:00,12189,Fuel,Paid,N,
1028,867,Platinum,300000,3,30-03-202300:00:00,1267,Travel,Paid,N,
1041,867,Platinum,300000,3,11-07-202300:00:00,11834,Electronics,Paid,N,
2254,867,Platinum,300000,3,27-05-202300:00:00,4881,Travel,Paid,N,
597,868,Platinum,300000,3,16-05-202300:00:00,27527,Dining,Paid,N,
924,869,Signature,600000,4,07-11-202300:00:00,42346,Fuel,Paid,N,
1370,869,Platinum,300000,3,13-03-202300:00:00,10218,Electronics,Paid,N,
1477,869,Signature,600000,4,11-06-202300:00:00,19657,Electronics,Paid,N,
535,870,Platinum,300000,3,04-02-202300:00:00,1226,Travel,Default,N,
1497,870,Platinum,300000,3,03-06-202300:00:00,36945,Dining,Paid,N,
2094,870,Platinum,300000,3,14-02-202300:00:00,8934,Fuel,Paid,N,
143,871,,,,,,,,Y,LowSalary
85,872,,,,,,,,Y,LowCIBIL
479,872,,,,,,,,Y,LowSalary
554,872,,,,,,,,Y,LowCIBIL
1908,872,,,,,,,,Y,HighDebt
1133,873,,,,,,,,Y,HighDebt
1230,873,,,,,,,,Y,UnstableEmployment
1251,873,,,,,,,,Y,UnstableEmployment
2019,873,,,,,,,,Y,UnstableEmployment
165,874,,,,,,,,Y,UnstableEmployment
381,874,,,,,,,,Y,LowCIBIL
1554,874,,,,,,,,Y,LowSalary
2206,874,,,,,,,,Y,UnstableEmployment
1491,875,,,,,,,,Y,UnstableEmployment
1764,875,,,,,,,,Y,LowSalary
352,876,Platinum,300000,3,18-12-202300:00:00,27208,Dining,Paid,N,
995,876,Platinum,300000,3,09-10-202300:00:00,1308,Travel,Paid,N,
1430,876,Platinum,300000,3,10-11-202300:00:00,34728,Dining,Paid,N,
1436,876,Gold,100000,2,17-08-202300:00:00,29061,Travel,Paid,N,
287,877,Gold,100000,2,31-08-202300:00:00,37429,Electronics,Default,N,
1495,877,Gold,100000,2,18-03-202300:00:00,37266,Electronics,Paid,N,
1097,878,Platinum,300000,3,07-01-202300:00:00,9979,Fuel,Paid,N,
1126,878,Gold,100000,2,13-12-202300:00:00,43379,Travel,Paid,N,
1235,878,Platinum,300000,3,02-03-202300:00:00,14985,Electronics,Paid,N,
2181,878,Gold,100000,2,01-09-202300:00:00,8347,Dining,Paid,N,
255,879,Gold,100000,2,22-12-202300:00:00,7670,Electronics,Paid,N,
763,879,Gold,100000,2,22-01-202300:00:00,35381,Travel,Paid,N,
877,879,Gold,100000,2,30-07-202300:00:00,4432,Groceries,Paid,N,
1109,879,Gold,100000,2,27-04-202300:00:00,9990,Travel,Paid,N,
2037,879,Gold,100000,2,26-08-202300:00:00,2237,Travel,Paid,N,
2286,879,Platinum,300000,3,21-07-202300:00:00,3023,Dining,Paid,N,
120,880,Platinum,300000,3,24-08-202300:00:00,41328,Dining,Paid,N,
952,880,Gold,100000,2,11-05-202300:00:00,21558,Groceries,Paid,N,
1359,880,Gold,100000,2,11-04-202300:00:00,32163,Dining,Paid,N,
230,881,,,,,,,,Y,UnstableEmployment
907,881,,,,,,,,Y,UnstableEmployment
916,881,,,,,,,,Y,LowCIBIL
1413,881,,,,,,,,Y,UnstableEmployment
2290,881,,,,,,,,Y,LowCIBIL
37,882,Platinum,300000,3,23-03-202300:00:00,3081,Electronics,Paid,N,
872,882,Signature,600000,4,13-03-202300:00:00,48770,Travel,Paid,N,
1533,882,Signature,600000,4,28-08-202300:00:00,34138,Fuel,Paid,N,
2040,882,Platinum,300000,3,20-12-202300:00:00,20438,Dining,Paid,N,
423,883,Gold,100000,2,24-08-202300:00:00,17321,Groceries,Paid,N,
424,883,Platinum,300000,3,21-10-202300:00:00,43662,Electronics,Paid,N,
2248,884,Gold,100000,2,20-04-202300:00:00,14935,Electronics,Paid,N,
68,885,,,,,,,,Y,LowSalary
277,885,,,,,,,,Y,LowSalary
115,886,,,,,,,,Y,LowCIBIL
1313,886,,,,,,,,Y,UnstableEmployment
1686,886,,,,,,,,Y,LowSalary
282,887,Gold,100000,2,05-09-202300:00:00,18009,Dining,Paid,N,
964,887,Platinum,300000,3,09-06-202300:00:00,19628,Dining,Paid,N,
1874,887,Gold,100000,2,26-12-202300:00:00,10500,Fuel,Paid,N,
172,888,,,,,,,,Y,UnstableEmployment
390,889,Gold,100000,2,04-11-202300:00:00,30961,Dining,Paid,N,
1102,889,Platinum,300000,3,16-05-202300:00:00,36194,Electronics,Paid,N,
1596,889,Gold,100000,2,21-03-202300:00:00,21804,Electronics,Paid,N,
1688,889,Platinum,300000,3,14-07-202300:00:00,17893,Fuel,Paid,N,
2106,889,Platinum,300000,3,30-10-202300:00:00,3265,Electronics,Paid,N,
1513,890,,,,,,,,Y,LowCIBIL
1673,890,,,,,,,,Y,HighDebt
2126,890,,,,,,,,Y,HighDebt
285,891,Gold,100000,2,03-05-202300:00:00,3617,Fuel,Paid,N,
290,891,Gold,100000,2,14-08-202300:00:00,4542,Groceries,Paid,N,
726,891,Platinum,300000,3,08-01-202300:00:00,41233,Travel,Paid,N,
814,891,Platinum,300000,3,04-07-202300:00:00,2037,Fuel,Paid,N,
1231,891,Gold,100000,2,09-09-202300:00:00,40253,Dining,Paid,N,
292,892,,,,,,,,Y,LowCIBIL
1161,892,,,,,,,,Y,LowCIBIL
119,894,,,,,,,,Y,LowSalary
220,894,,,,,,,,Y,LowSalary
297,894,,,,,,,,Y,LowSalary
624,894,,,,,,,,Y,LowSalary
1471,894,,,,,,,,Y,HighDebt
1881,894,,,,,,,,Y,LowCIBIL
455,895,,,,,,,,Y,LowCIBIL
1608,895,,,,,,,,Y,LowSalary
73,896,Gold,100000,2,09-10-202300:00:00,37622,Groceries,Paid,N,
114,896,Platinum,300000,3,21-03-202300:00:00,39807,Travel,Paid,N,
478,896,Platinum,300000,3,22-02-202300:00:00,30992,Fuel,Paid,N,
897,896,Platinum,300000,3,04-07-202300:00:00,26528,Dining,Paid,N,
1205,896,Gold,100000,2,04-07-202300:00:00,7289,Dining,Paid,N,
2038,896,Platinum,300000,3,09-07-202300:00:00,9596,Electronics,Paid,N,
701,897,Gold,100000,2,05-12-202300:00:00,32834,Electronics,Default,N,
331,898,Signature,600000,4,20-05-202300:00:00,34237,Travel,Paid,N,
709,898,Platinum,300000,3,24-09-202300:00:00,12691,Travel,Paid,N,
1187,898,Signature,600000,4,16-11-202300:00:00,22868,Groceries,Paid,N,
2295,898,Platinum,300000,3,24-12-202300:00:00,5081,Dining,Paid,N,
1274,899,,,,,,,,Y,UnstableEmployment
1353,899,,,,,,,,Y,UnstableEmployment
50,900,Gold,100000,2,04-05-202300:00:00,14919,Fuel,Paid,N,
101,900,Silver,50000,1,24-02-202300:00:00,34361,Fuel,Paid,N,
1209,900,Silver,50000,1,25-06-202300:00:00,17561,Travel,Paid,N,
1525,900,Gold,100000,2,14-01-202300:00:00,37339,Electronics,Paid,N,
